,Unnamed: 0,Start (ET),Visitor/Neutral,PTS,Home/Neutral,PTS.1, , .1,Attend.,Notes
0,0,8:00p,Toronto Raptors,106.0,Cleveland Cavaliers,95.0,Box Score,,"19,432",
1,1,7:00p,Golden State Warriors,102.0,Detroit Pistons,111.0,Box Score,,"20,332",
2,2,8:00p,Chicago Bulls,105.0,Houston Rockets,121.0,Box Score,,"18,055",
3,3,8:00p,Boston Celtics,118.0,Minnesota Timberwolves,109.0,Box Score,,"17,663",
4,4,5:00p,Milwaukee Bucks,134.0,New York Knicks,136.0,Box Score,OT,"19,812",
5,5,10:00p,Indiana Pacers,110.0,Sacramento Kings,111.0,Box Score,,"17,583",
6,6,7:00p,Brooklyn Nets,88.0,Washington Wizards,102.0,Box Score,,"15,448",
7,7,5:00p,New Orleans Pelicans,119.0,Charlotte Hornets,109.0,Box Score,,"15,336",
8,8,7:00p,Los Angeles Clippers,110.0,Dallas Mavericks,114.0,Box Score,,"19,551",
9,9,3:30p,Phoenix Suns,96.0,Los Angeles Lakers,120.0,Box Score,,"18,997",
10,10,6:00p,Utah Jazz,100.0,Miami Heat,102.0,Box Score,,"19,600",
11,11,6:00p,Memphis Grizzlies,95.0,Philadelphia 76ers,103.0,Box Score,,"20,334",
12,12,7:00p,Portland Trail Blazers,118.0,San Antonio Spurs,131.0,Box Score,,"18,354",
13,13,7:30p,Golden State Warriors,128.0,Atlanta Hawks,111.0,Box Score,,"16,631",
14,14,7:30p,Cleveland Cavaliers,99.0,Brooklyn Nets,97.0,Box Score,,"10,983",
15,15,7:00p,Oklahoma City Thunder,110.0,Detroit Pistons,83.0,Box Score,,"14,372",
16,16,8:00p,Houston Rockets,91.0,Minnesota Timberwolves,103.0,Box Score,,"13,834",
17,17,8:00p,Los Angeles Clippers,129.0,New Orleans Pelicans,126.0,Box Score,,"13,822",
18,18,7:30p,Washington Wizards,110.0,New York Knicks,107.0,Box Score,,"19,440",
19,19,7:30p,Denver Nuggets,106.0,Toronto Raptors,103.0,Box Score,,"19,800",
20,20,8:30p,Portland Trail Blazers,102.0,Dallas Mavericks,111.0,Box Score,,"19,341",
21,21,7:00p,Chicago Bulls,90.0,Indiana Pacers,96.0,Box Score,,"16,446",
22,22,7:30p,Orlando Magic,105.0,Miami Heat,90.0,Box Score,,"19,600",
23,23,9:00p,Sacramento Kings,122.0,Phoenix Suns,105.0,Box Score,,"12,977",
24,24,9:00p,San Antonio Spurs,105.0,Utah Jazz,139.0,Box Score,,"18,306",
25,25,7:30p,Washington Wizards,131.0,Atlanta Hawks,117.0,Box Score,,"12,551",
26,26,7:30p,Oklahoma City Thunder,114.0,Brooklyn Nets,112.0,Box Score,,"13,161",
27,27,7:00p,Golden State Warriors,129.0,Cleveland Cavaliers,105.0,Box Score,,"19,432",
28,28,10:30p,San Antonio Spurs,113.0,Los Angeles Lakers,121.0,Box Score,,"18,997",
29,29,8:00p,Los Angeles Clippers,86.0,Memphis Grizzlies,96.0,Box Score,,"14,144",
30,30,8:00p,Detroit Pistons,92.0,Milwaukee Bucks,115.0,Box Score,,"16,541",
31,31,8:00p,Charlotte Hornets,104.0,Minnesota Timberwolves,121.0,Box Score,,"11,248",
32,32,8:00p,Dallas Mavericks,106.0,New Orleans Pelicans,132.0,Box Score,,"14,810",
33,33,7:00p,Denver Nuggets,124.0,Orlando Magic,118.0,Box Score,OT,"16,636",
34,34,8:00p,Philadelphia 76ers,102.0,Toronto Raptors,113.0,Box Score,,"19,800",
35,35,8:00p,New York Knicks,100.0,Boston Celtics,128.0,Box Score,,"18,624",
36,36,10:00p,Phoenix Suns,86.0,Portland Trail Blazers,108.0,Box Score,,"19,001",
37,37,10:30p,Houston Rockets,91.0,Utah Jazz,118.0,Box Score,,"18,306",
38,38,7:30p,Toronto Raptors,105.0,Brooklyn Nets,106.0,Box Score,OT,"14,035",
39,39,8:00p,Oklahoma City Thunder,112.0,Chicago Bulls,114.0,Box Score,,"19,842",
40,40,7:00p,Denver Nuggets,107.0,Charlotte Hornets,113.0,Box Score,,"13,755",
41,41,7:30p,Sacramento Kings,129.0,Cleveland Cavaliers,110.0,Box Score,,"19,432",
42,42,7:00p,Philadelphia 76ers,117.0,Detroit Pistons,111.0,Box Score,,"15,680",
43,43,9:30p,Golden State Warriors,105.0,Milwaukee Bucks,95.0,Box Score,,"17,852",
44,44,8:00p,Memphis Grizzlies,107.0,New Orleans Pelicans,103.0,Box Score,,"18,447",
45,45,7:00p,Indiana Pacers,112.0,Orlando Magic,90.0,Box Score,,"17,214",
46,46,9:00p,Miami Heat,115.0,Phoenix Suns,98.0,Box Score,,"14,273",
47,47,8:30p,Los Angeles Lakers,120.0,San Antonio Spurs,133.0,Box Score,,"18,354",
48,48,7:30p,Denver Nuggets,98.0,Atlanta Hawks,106.0,Box Score,,"14,409",
49,49,8:00p,Boston Celtics,133.0,Chicago Bulls,77.0,Box Score,,"20,923",
50,50,7:30p,Washington Wizards,101.0,Cleveland Cavaliers,116.0,Box Score,,"19,432",
51,51,6:00p,Houston Rockets,104.0,Dallas Mavericks,107.0,Box Score,,"20,254",
52,52,7:00p,Sacramento Kings,97.0,Indiana Pacers,107.0,Box Score,,"16,867",
53,53,10:30p,Miami Heat,121.0,Los Angeles Clippers,98.0,Box Score,,"17,113",
54,54,8:00p,Los Angeles Lakers,111.0,Memphis Grizzlies,88.0,Box Score,,"17,794",
55,55,7:30p,Brooklyn Nets,112.0,New York Knicks,104.0,Box Score,,"18,662",
56,56,10:00p,Minnesota Timberwolves,105.0,Portland Trail Blazers,113.0,Box Score,,"19,359",
57,57,3:30p,New Orleans Pelicans,116.0,Detroit Pistons,108.0,Box Score,,"14,705",
58,58,7:30p,Charlotte Hornets,119.0,New York Knicks,107.0,Box Score,,"18,602",
59,59,7:00p,Utah Jazz,97.0,San Antonio Spurs,110.0,Box Score,,"17,834",
60,60,6:00p,Milwaukee Bucks,104.0,Toronto Raptors,99.0,Box Score,,"19,800",
61,61,7:30p,New Orleans Pelicans,100.0,Boston Celtics,113.0,Box Score,,"18,624",
62,62,8:00p,Sacramento Kings,108.0,Chicago Bulls,89.0,Box Score,,"18,164",
63,63,8:30p,Orlando Magic,76.0,Dallas Mavericks,101.0,Box Score,,"19,334",
64,64,9:00p,Memphis Grizzlies,99.0,Denver Nuggets,105.0,Box Score,,"15,278",
65,65,10:30p,Minnesota Timberwolves,108.0,Golden State Warriors,116.0,Box Score,,"19,596",
66,66,7:00p,Washington Wizards,101.0,Indiana Pacers,109.0,Box Score,,"14,645",
67,67,10:30p,Miami Heat,105.0,Los Angeles Lakers,108.0,Box Score,,"18,997",
68,68,8:00p,Cleveland Cavaliers,92.0,Milwaukee Bucks,108.0,Box Score,,"17,155",
69,69,8:00p,Utah Jazz,113.0,Oklahoma City Thunder,122.0,Box Score,,"18,203",
70,70,7:00p,Detroit Pistons,102.0,Philadelphia 76ers,116.0,Box Score,,"20,199",
71,71,9:00p,Los Angeles Clippers,123.0,Phoenix Suns,119.0,Box Score,OT,"12,088",
72,72,8:00p,Portland Trail Blazers,104.0,Houston Rockets,111.0,Box Score,,"18,055",
73,73,10:30p,Toronto Raptors,123.0,Los Angeles Clippers,99.0,Box Score,,"17,812",
74,74,8:30p,Phoenix Suns,86.0,San Antonio Spurs,111.0,Box Score,,"17,676",
75,75,7:00p,Detroit Pistons,107.0,Charlotte Hornets,108.0,Box Score,,"13,997",
76,76,7:00p,New York Knicks,106.0,Cleveland Cavaliers,113.0,Box Score,,"19,432",
77,77,8:30p,Atlanta Hawks,107.0,Dallas Mavericks,114.0,Box Score,,"19,643",
78,78,10:30p,Toronto Raptors,113.0,Golden State Warriors,93.0,Box Score,,"19,596",
79,79,7:00p,Milwaukee Bucks,97.0,Indiana Pacers,113.0,Box Score,,"17,070",
80,80,8:00p,Portland Trail Blazers,83.0,Memphis Grizzlies,92.0,Box Score,,"16,282",
81,81,8:00p,Oklahoma City Thunder,114.0,New Orleans Pelicans,118.0,Box Score,,"14,450",
82,82,7:00p,Brooklyn Nets,127.0,Philadelphia 76ers,124.0,Box Score,,"20,376",
83,83,10:00p,Minnesota Timberwolves,130.0,Sacramento Kings,141.0,Box Score,,"15,770",
84,84,9:00p,Miami Heat,84.0,Utah Jazz,111.0,Box Score,,"18,306",
85,85,7:00p,Boston Celtics,130.0,Washington Wizards,125.0,Box Score,OT,"20,409",
86,86,8:00p,Los Angeles Lakers,111.0,Houston Rockets,126.0,Box Score,,"18,055",
87,87,9:30p,Chicago Bulls,91.0,Orlando Magic,97.0,Box Score,,"20,201","at Mexico City, Mexico"
88,88,10:30p,Dallas Mavericks,89.0,Phoenix Suns,99.0,Box Score,,"13,265",
89,89,8:30p,Los Angeles Clippers,87.0,San Antonio Spurs,125.0,Box Score,,"18,354",
90,90,7:00p,Atlanta Hawks,108.0,Boston Celtics,129.0,Box Score,,"18,624",
91,91,7:30p,Washington Wizards,118.0,Brooklyn Nets,125.0,Box Score,,"13,232",
92,92,7:00p,New York Knicks,126.0,Charlotte Hornets,124.0,Box Score,OT,"17,622",
93,93,7:30p,Milwaukee Bucks,114.0,Cleveland Cavaliers,102.0,Box Score,,"19,432",
94,94,10:00p,Oklahoma City Thunder,98.0,Denver Nuggets,109.0,Box Score,,"19,520",
95,95,8:00p,Miami Heat,100.0,Memphis Grizzlies,97.0,Box Score,,"16,313",
96,96,7:30p,Indiana Pacers,113.0,Philadelphia 76ers,101.0,Box Score,,"20,337",
97,97,10:00p,Toronto Raptors,122.0,Portland Trail Blazers,128.0,Box Score,,"19,458",
98,98,10:00p,Golden State Warriors,130.0,Sacramento Kings,125.0,Box Score,,"17,583",
99,99,7:00p,Los Angeles Lakers,128.0,Charlotte Hornets,100.0,Box Score,,"19,641",
100,100,7:00p,Boston Celtics,104.0,Detroit Pistons,113.0,Box Score,,"17,078",
101,101,8:00p,Houston Rockets,105.0,Memphis Grizzlies,97.0,Box Score,,"16,777",
102,102,9:00p,Los Angeles Clippers,104.0,Oklahoma City Thunder,110.0,Box Score,,"18,203",
103,103,5:00p,Utah Jazz,89.0,Orlando Magic,96.0,Box Score,,"20,011","at Mexico City, Mexico"
104,104,9:00p,Minnesota Timberwolves,99.0,Phoenix Suns,107.0,Box Score,,"14,244",
105,105,8:30p,Chicago Bulls,98.0,San Antonio Spurs,93.0,Box Score,,"18,354",
106,106,3:00p,Atlanta Hawks,127.0,Brooklyn Nets,144.0,Box Score,,"13,955",
107,107,3:30p,Philadelphia 76ers,128.0,Cleveland Cavaliers,105.0,Box Score,,"19,432",
108,108,7:00p,Sacramento Kings,120.0,Dallas Mavericks,113.0,Box Score,,"19,935",
109,109,8:00p,Toronto Raptors,86.0,Denver Nuggets,95.0,Box Score,,"19,520",
110,110,5:00p,New York Knicks,99.0,Indiana Pacers,110.0,Box Score,,"16,646",
111,111,7:00p,Miami Heat,102.0,New Orleans Pelicans,96.0,Box Score,,"15,535",
112,112,6:00p,Los Angeles Lakers,110.0,Washington Wizards,128.0,Box Score,,"20,409",
113,113,7:00p,Milwaukee Bucks,107.0,Detroit Pistons,104.0,Box Score,,"15,051",
114,114,10:30p,Memphis Grizzlies,93.0,Golden State Warriors,110.0,Box Score,,"19,596",
115,115,8:00p,Utah Jazz,97.0,Houston Rockets,102.0,Box Score,,"18,055",
116,116,10:30p,Portland Trail Blazers,131.0,Los Angeles Clippers,127.0,Box Score,,"16,030",
117,117,8:00p,Sacramento Kings,105.0,Minnesota Timberwolves,132.0,Box Score,,"12,417",
118,118,7:30p,Phoenix Suns,128.0,New York Knicks,110.0,Box Score,,"18,437",
119,119,8:00p,Chicago Bulls,96.0,Oklahoma City Thunder,121.0,Box Score,,"18,203",
120,120,8:30p,Philadelphia 76ers,96.0,San Antonio Spurs,123.0,Box Score,,"17,486",
121,121,7:30p,Washington Wizards,110.0,Atlanta Hawks,118.0,Box Score,,"16,489",
122,122,7:30p,Los Angeles Lakers,110.0,Brooklyn Nets,115.0,Box Score,,"17,732",
123,123,9:00p,Dallas Mavericks,118.0,Denver Nuggets,126.0,Box Score,,"15,764",
124,124,7:00p,Cleveland Cavaliers,92.0,Indiana Pacers,91.0,Box Score,,"15,630",
125,125,7:30p,Phoenix Suns,111.0,Boston Celtics,103.0,Box Score,,"18,624",
126,126,8:00p,Brooklyn Nets,96.0,Chicago Bulls,93.0,Box Score,,"18,065",
127,127,7:00p,Cleveland Cavaliers,99.0,Charlotte Hornets,110.0,Box Score,,"15,179",
128,128,8:00p,Washington Wizards,118.0,Houston Rockets,136.0,Box Score,,"18,055",
129,129,8:00p,New Orleans Pelicans,115.0,Milwaukee Bucks,123.0,Box Score,,"17,341",
130,130,8:00p,Detroit Pistons,129.0,Minnesota Timberwolves,123.0,Box Score,OT,"15,883",
131,131,7:00p,San Antonio Spurs,129.0,Orlando Magic,90.0,Box Score,,"17,138",
132,132,7:00p,New York Knicks,109.0,Philadelphia 76ers,131.0,Box Score,,"20,424",
133,133,10:00p,Memphis Grizzlies,92.0,Portland Trail Blazers,99.0,Box Score,,"19,412",
134,134,10:00p,Oklahoma City Thunder,132.0,Sacramento Kings,113.0,Box Score,,"17,583",
135,135,7:30p,Indiana Pacers,96.0,Toronto Raptors,99.0,Box Score,,"19,800",
136,136,9:00p,Golden State Warriors,103.0,Utah Jazz,108.0,Box Score,,"18,306",
137,137,10:30p,Dallas Mavericks,121.0,Los Angeles Clippers,125.0,Box Score,,"17,528",
138,138,8:00p,Houston Rockets,99.0,Miami Heat,101.0,Box Score,,"19,600",
139,139,8:00p,Milwaukee Bucks,120.0,Boston Celtics,107.0,Box Score,,"18,624",
140,140,7:30p,Indiana Pacers,114.0,Brooklyn Nets,106.0,Box Score,,"13,302",
141,141,8:00p,Orlando Magic,80.0,Chicago Bulls,90.0,Box Score,,"20,436",
142,142,7:00p,Detroit Pistons,86.0,Charlotte Hornets,98.0,Box Score,,"15,812",
143,143,10:30p,New Orleans Pelicans,104.0,Los Angeles Lakers,112.0,Box Score,,"18,997",
144,144,7:30p,Atlanta Hawks,114.0,New York Knicks,107.0,Box Score,,"19,080",
145,145,10:00p,Utah Jazz,120.0,Portland Trail Blazers,90.0,Box Score,,"19,127",
146,146,10:00p,Memphis Grizzlies,99.0,Sacramento Kings,102.0,Box Score,,"16,369",
147,147,8:30p,Minnesota Timberwolves,98.0,San Antonio Spurs,124.0,Box Score,,"17,708",
148,148,7:00p,Cleveland Cavaliers,110.0,Toronto Raptors,126.0,Box Score,,"19,800",
149,149,8:30p,Dallas Mavericks,116.0,Golden State Warriors,120.0,Box Score,,"19,596",
150,150,8:00p,San Antonio Spurs,101.0,Houston Rockets,108.0,Box Score,,"18,055",
151,151,5:00p,Denver Nuggets,111.0,Los Angeles Clippers,132.0,Box Score,,"16,571",
152,152,8:00p,Milwaukee Bucks,87.0,Miami Heat,94.0,Box Score,,"19,600",
153,153,7:30p,Toronto Raptors,101.0,Philadelphia 76ers,126.0,Box Score,,"20,691",
154,154,9:00p,Oklahoma City Thunder,107.0,Utah Jazz,106.0,Box Score,,"18,306",
155,155,7:00p,Phoenix Suns,146.0,Washington Wizards,149.0,Box Score,3OT,"16,571",
156,156,6:00p,Charlotte Hornets,103.0,Boston Celtics,119.0,Box Score,,"18,624",
157,157,6:00p,Phoenix Suns,103.0,Brooklyn Nets,111.0,Box Score,,"15,310",
158,158,6:00p,Chicago Bulls,112.0,Cleveland Cavaliers,92.0,Box Score,,"19,432",
159,159,4:00p,Atlanta Hawks,98.0,Detroit Pistons,95.0,Box Score,,"16,532",
160,160,8:30p,Los Angeles Clippers,127.0,Golden State Warriors,129.0,Box Score,,"19,596",
161,161,5:00p,Washington Wizards,89.0,Indiana Pacers,105.0,Box Score,,"17,923",
162,162,9:30p,Memphis Grizzlies,107.0,Los Angeles Lakers,99.0,Box Score,,"18,997",
163,163,8:00p,Minnesota Timberwolves,114.0,Oklahoma City Thunder,112.0,Box Score,,"18,203",
164,164,6:00p,Miami Heat,115.0,Orlando Magic,91.0,Box Score,,"18,846",
165,165,9:00p,Dallas Mavericks,118.0,Portland Trail Blazers,121.0,Box Score,OT,"19,707",
166,166,6:00p,New Orleans Pelicans,117.0,Sacramento Kings,122.0,Box Score,,"16,643",
167,167,5:30p,Philadelphia 76ers,114.0,Boston Celtics,121.0,Box Score,OT,"18,624",
168,168,8:00p,Los Angeles Lakers,127.0,Golden State Warriors,101.0,Box Score,,"19,596",
169,169,3:00p,Oklahoma City Thunder,109.0,Houston Rockets,113.0,Box Score,,"18,055",
170,170,12:00p,Milwaukee Bucks,109.0,New York Knicks,95.0,Box Score,,"19,812",
171,171,10:30p,Portland Trail Blazers,96.0,Utah Jazz,117.0,Box Score,,"18,306",
172,172,7:30p,Indiana Pacers,129.0,Atlanta Hawks,121.0,Box Score,,"15,026",
173,173,7:30p,Charlotte Hornets,132.0,Brooklyn Nets,134.0,Box Score,2OT,"14,309",
174,174,8:00p,Minnesota Timberwolves,119.0,Chicago Bulls,94.0,Box Score,,"21,852",
175,175,8:30p,New Orleans Pelicans,119.0,Dallas Mavericks,122.0,Box Score,,"20,340",
176,176,7:00p,Washington Wizards,95.0,Detroit Pistons,106.0,Box Score,,"17,534",
177,177,10:30p,Sacramento Kings,118.0,Los Angeles Clippers,127.0,Box Score,,"19,068",
178,178,8:00p,Cleveland Cavaliers,87.0,Memphis Grizzlies,95.0,Box Score,,"16,424",
179,179,7:30p,Toronto Raptors,106.0,Miami Heat,104.0,Box Score,,"19,902",
180,180,7:00p,Phoenix Suns,122.0,Orlando Magic,120.0,Box Score,OT,"16,755",
181,181,8:30p,Denver Nuggets,103.0,San Antonio Spurs,111.0,Box Score,,"18,408",
182,182,10:30p,Portland Trail Blazers,110.0,Golden State Warriors,109.0,Box Score,OT,"19,596",
183,183,8:00p,Boston Celtics,113.0,Houston Rockets,127.0,Box Score,,"18,055",
184,184,8:00p,New York Knicks,96.0,Milwaukee Bucks,112.0,Box Score,,"18,058",
185,185,10:00p,Los Angeles Lakers,116.0,Sacramento Kings,117.0,Box Score,,"17,583",
186,186,10:30p,Philadelphia 76ers,114.0,Utah Jazz,97.0,Box Score,,"18,306",
187,187,7:00p,Brooklyn Nets,87.0,Charlotte Hornets,100.0,Box Score,,"19,411",
188,188,9:00p,San Antonio Spurs,99.0,Denver Nuggets,102.0,Box Score,,"20,076",
189,189,7:00p,Detroit Pistons,88.0,Indiana Pacers,125.0,Box Score,,"17,923",
190,190,10:30p,Los Angeles Clippers,118.0,Los Angeles Lakers,107.0,Box Score,,"18,997",
191,191,8:00p,Cleveland Cavaliers,94.0,Miami Heat,118.0,Box Score,,"19,617",
192,192,8:00p,Atlanta Hawks,123.0,Minnesota Timberwolves,120.0,Box Score,OT,"18,978",
193,193,8:00p,Dallas Mavericks,112.0,New Orleans Pelicans,114.0,Box Score,,"18,364",
194,194,7:00p,Toronto Raptors,87.0,Orlando Magic,116.0,Box Score,,"18,846",
195,195,9:00p,Oklahoma City Thunder,118.0,Phoenix Suns,102.0,Box Score,,"18,055",
196,196,7:00p,Chicago Bulls,101.0,Washington Wizards,92.0,Box Score,,"20,409",
197,197,7:30p,Cleveland Cavaliers,108.0,Atlanta Hawks,111.0,Box Score,,"16,460",
198,198,10:30p,San Antonio Spurs,122.0,Los Angeles Clippers,111.0,Box Score,,"19,068",
199,199,8:00p,Boston Celtics,112.0,Memphis Grizzlies,103.0,Box Score,,"17,794",
200,200,5:00p,Brooklyn Nets,115.0,Milwaukee Bucks,129.0,Box Score,,"17,918",
201,201,7:00p,Houston Rockets,108.0,New Orleans Pelicans,104.0,Box Score,,"17,555",
202,202,9:00p,Denver Nuggets,122.0,Phoenix Suns,118.0,Box Score,,"14,975",
203,203,10:00p,Golden State Warriors,115.0,Portland Trail Blazers,105.0,Box Score,,"19,797",
204,204,8:00p,New York Knicks,97.0,Utah Jazz,129.0,Box Score,,"18,306",
205,205,7:00p,Charlotte Hornets,126.0,Washington Wizards,130.0,Box Score,,"17,197",
206,206,7:00p,Oklahoma City Thunder,103.0,Dallas Mavericks,105.0,Box Score,,"20,380",
207,207,9:30p,Sacramento Kings,114.0,Los Angeles Lakers,121.0,Box Score,,"18,997",
208,208,6:00p,Minnesota Timberwolves,113.0,Miami Heat,104.0,Box Score,,"19,600",
209,209,3:30p,Detroit Pistons,107.0,Orlando Magic,109.0,Box Score,,"17,761",
210,210,9:00p,Philadelphia 76ers,95.0,Portland Trail Blazers,129.0,Box Score,,"19,393",
211,211,6:00p,Chicago Bulls,89.0,Toronto Raptors,95.0,Box Score,,"19,800",
212,212,6:00p,Orlando Magic,100.0,Charlotte Hornets,125.0,Box Score,,"14,694",
213,213,7:00p,Memphis Grizzlies,101.0,Houston Rockets,113.0,Box Score,,"18,055",
214,214,3:00p,Atlanta Hawks,108.0,Indiana Pacers,116.0,Box Score,,"17,923",
215,215,8:00p,Minnesota Timberwolves,114.0,New Orleans Pelicans,123.0,Box Score,,"14,904",
216,216,8:00p,Dallas Mavericks,102.0,Oklahoma City Thunder,122.0,Box Score,,"18,203",
217,217,9:00p,Golden State Warriors,132.0,Phoenix Suns,109.0,Box Score,,"16,906",
218,218,7:00p,Boston Celtics,111.0,San Antonio Spurs,120.0,Box Score,,"18,354",
219,0,9:00p,New York Knicks,108.0,Denver Nuggets,115.0,Box Score,,"19,520",
220,1,10:30p,Philadelphia 76ers,119.0,Los Angeles Clippers,113.0,Box Score,,"17,868",
221,2,8:00p,Detroit Pistons,98.0,Milwaukee Bucks,121.0,Box Score,,"17,534",
222,3,9:00p,Portland Trail Blazers,113.0,Sacramento Kings,108.0,Box Score,OT,"17,583",
223,4,7:30p,Utah Jazz,116.0,Toronto Raptors,122.0,Box Score,,"19,800",
224,5,8:00p,Minnesota Timberwolves,102.0,Boston Celtics,115.0,Box Score,,"18,624",
225,6,7:30p,New Orleans Pelicans,121.0,Brooklyn Nets,126.0,Box Score,,"16,890",
226,7,8:00p,Orlando Magic,112.0,Chicago Bulls,84.0,Box Score,,"19,013",
227,8,7:00p,Dallas Mavericks,122.0,Charlotte Hornets,84.0,Box Score,,"16,955",
228,9,7:00p,Miami Heat,117.0,Cleveland Cavaliers,92.0,Box Score,,"19,432",
229,10,10:30p,Oklahoma City Thunder,107.0,Los Angeles Lakers,100.0,Box Score,,"18,997",
230,11,8:00p,Detroit Pistons,101.0,Memphis Grizzlies,94.0,Box Score,,"14,109",
231,12,9:00p,Philadelphia 76ers,132.0,Phoenix Suns,127.0,Box Score,,"15,226",
232,13,7:00p,Atlanta Hawks,98.0,Washington Wizards,114.0,Box Score,,"15,324",
233,14,10:30p,Houston Rockets,135.0,Golden State Warriors,134.0,Box Score,OT,"19,596",
234,15,10:00p,Denver Nuggets,117.0,Sacramento Kings,113.0,Box Score,,"17,583",
235,16,8:00p,Toronto Raptors,107.0,San Antonio Spurs,125.0,Box Score,,"18,354",
236,17,8:00p,Dallas Mavericks,93.0,Boston Celtics,114.0,Box Score,,"18,624",
237,18,8:00p,Indiana Pacers,119.0,Chicago Bulls,116.0,Box Score,OT,"21,284",
238,19,7:30p,Utah Jazz,117.0,Cleveland Cavaliers,91.0,Box Score,,"19,432",
239,20,10:30p,New York Knicks,119.0,Los Angeles Lakers,112.0,Box Score,,"18,997",
240,21,8:00p,Brooklyn Nets,109.0,Memphis Grizzlies,100.0,Box Score,,"16,683",
241,22,8:00p,Washington Wizards,109.0,Miami Heat,115.0,Box Score,,"19,600",
242,23,8:30p,Atlanta Hawks,112.0,Milwaukee Bucks,144.0,Box Score,,"17,632",
243,24,8:00p,Orlando Magic,103.0,Minnesota Timberwolves,120.0,Box Score,,"14,355",
244,25,9:00p,Los Angeles Clippers,121.0,Phoenix Suns,111.0,Box Score,,"14,764",
245,26,10:30p,Oklahoma City Thunder,111.0,Portland Trail Blazers,109.0,Box Score,,"19,393",
246,27,8:00p,New Orleans Pelicans,133.0,Cleveland Cavaliers,98.0,Box Score,,"19,432",
247,28,5:00p,Charlotte Hornets,110.0,Denver Nuggets,123.0,Box Score,,"19,861",
248,29,7:00p,Utah Jazz,110.0,Detroit Pistons,105.0,Box Score,,"17,255",
249,30,8:30p,Toronto Raptors,123.0,Milwaukee Bucks,116.0,Box Score,,"18,028",
250,31,7:30p,Dallas Mavericks,100.0,Philadelphia 76ers,106.0,Box Score,,"20,656",
251,32,10:00p,Houston Rockets,101.0,Portland Trail Blazers,110.0,Box Score,,"19,577",
252,33,10:00p,Golden State Warriors,127.0,Sacramento Kings,123.0,Box Score,,"17,583",
253,34,8:30p,Memphis Grizzlies,88.0,San Antonio Spurs,108.0,Box Score,,"18,354",
254,35,6:00p,Miami Heat,82.0,Atlanta Hawks,106.0,Box Score,,"16,630",
255,36,3:30p,Brooklyn Nets,117.0,Chicago Bulls,100.0,Box Score,,"19,265",
256,37,3:30p,Orlando Magic,96.0,Los Angeles Clippers,106.0,Box Score,,"16,616",
257,38,3:30p,Los Angeles Lakers,86.0,Minnesota Timberwolves,108.0,Box Score,,"18,978",
258,39,7:00p,Washington Wizards,116.0,Oklahoma City Thunder,98.0,Box Score,,"18,203",
259,40,8:00p,Charlotte Hornets,119.0,Phoenix Suns,113.0,Box Score,,"13,110",
260,41,7:30p,Indiana Pacers,105.0,Toronto Raptors,121.0,Box Score,,"19,800",
261,42,7:30p,Brooklyn Nets,95.0,Boston Celtics,116.0,Box Score,,"18,624",
262,43,8:30p,Los Angeles Lakers,107.0,Dallas Mavericks,97.0,Box Score,,"20,354",
263,44,7:00p,San Antonio Spurs,119.0,Detroit Pistons,107.0,Box Score,,"13,107",
264,45,8:00p,Denver Nuggets,113.0,Houston Rockets,125.0,Box Score,,"18,055",
265,46,8:00p,Utah Jazz,102.0,Milwaukee Bucks,114.0,Box Score,,"17,341",
266,47,8:00p,Memphis Grizzlies,95.0,New Orleans Pelicans,114.0,Box Score,,"14,624",
267,48,10:00p,New York Knicks,101.0,Portland Trail Blazers,111.0,Box Score,,"19,026",
268,49,10:00p,Orlando Magic,95.0,Sacramento Kings,111.0,Box Score,,"15,724",
269,50,7:00p,Indiana Pacers,123.0,Cleveland Cavaliers,115.0,Box Score,,"19,432",
270,51,10:30p,New York Knicks,95.0,Golden State Warriors,122.0,Box Score,,"19,596",
271,52,10:30p,Charlotte Hornets,109.0,Los Angeles Clippers,128.0,Box Score,,"15,275",
272,53,7:30p,Denver Nuggets,103.0,Miami Heat,99.0,Box Score,,"19,600",
273,54,8:00p,Minnesota Timberwolves,119.0,Oklahoma City Thunder,117.0,Box Score,,"18,203",
274,55,7:00p,Washington Wizards,115.0,Philadelphia 76ers,132.0,Box Score,,"20,446",
275,56,9:00p,Sacramento Kings,111.0,Phoenix Suns,115.0,Box Score,,"13,977",
276,57,7:30p,Atlanta Hawks,101.0,Toronto Raptors,104.0,Box Score,,"19,800",
277,58,7:00p,Indiana Pacers,108.0,Boston Celtics,135.0,Box Score,,"18,624",
278,59,7:30p,Atlanta Hawks,100.0,Brooklyn Nets,116.0,Box Score,,"14,531",
279,60,8:30p,Phoenix Suns,94.0,Dallas Mavericks,104.0,Box Score,,"19,596",
280,61,8:00p,Milwaukee Bucks,116.0,Houston Rockets,109.0,Box Score,,"18,055",
281,62,10:30p,Detroit Pistons,100.0,Los Angeles Lakers,113.0,Box Score,,"18,997",
282,63,8:00p,San Antonio Spurs,86.0,Memphis Grizzlies,96.0,Box Score,,"13,944",
283,64,8:00p,Cleveland Cavaliers,124.0,New Orleans Pelicans,140.0,Box Score,,"15,058",
284,65,10:00p,Chicago Bulls,112.0,Portland Trail Blazers,124.0,Box Score,,"19,393",
285,66,9:00p,Orlando Magic,93.0,Utah Jazz,106.0,Box Score,,"18,306",
286,67,7:00p,Philadelphia 76ers,106.0,Washington Wizards,123.0,Box Score,,"18,039",
287,68,9:00p,Los Angeles Clippers,100.0,Denver Nuggets,121.0,Box Score,,"15,742",
288,69,7:00p,Boston Celtics,99.0,Miami Heat,115.0,Box Score,,"19,600",
289,70,10:00p,Detroit Pistons,102.0,Sacramento Kings,112.0,Box Score,,"16,916",
290,71,9:30p,Oklahoma City Thunder,147.0,San Antonio Spurs,154.0,Box Score,2OT,"18,354",
291,72,10:30p,Chicago Bulls,109.0,Golden State Warriors,146.0,Box Score,,"19,596",
292,73,8:00p,Cleveland Cavaliers,113.0,Houston Rockets,141.0,Box Score,,"18,055",
293,74,8:00p,Dallas Mavericks,119.0,Minnesota Timberwolves,115.0,Box Score,,"18,978",
294,75,7:30p,Indiana Pacers,121.0,New York Knicks,106.0,Box Score,,"19,812",
295,76,7:00p,Atlanta Hawks,123.0,Philadelphia 76ers,121.0,Box Score,,"20,487",
296,77,10:00p,Charlotte Hornets,96.0,Portland Trail Blazers,127.0,Box Score,,"19,393",
297,78,7:30p,Brooklyn Nets,105.0,Toronto Raptors,122.0,Box Score,,"19,800",
298,79,10:00p,Los Angeles Lakers,95.0,Utah Jazz,113.0,Box Score,,"18,306",
299,80,7:00p,Milwaukee Bucks,106.0,Washington Wizards,113.0,Box Score,,"17,996",
300,81,3:30p,Detroit Pistons,109.0,Los Angeles Clippers,104.0,Box Score,,"16,540",
301,82,5:00p,Memphis Grizzlies,108.0,Miami Heat,112.0,Box Score,,"19,600",
302,83,8:00p,New Orleans Pelicans,106.0,Minnesota Timberwolves,110.0,Box Score,,"16,384",
303,84,8:00p,San Antonio Spurs,112.0,Oklahoma City Thunder,122.0,Box Score,,"18,203",
304,85,7:00p,Boston Celtics,103.0,Orlando Magic,105.0,Box Score,,"18,846",
305,86,9:00p,Denver Nuggets,93.0,Phoenix Suns,102.0,Box Score,,"15,246",
306,87,10:00p,Charlotte Hornets,97.0,Sacramento Kings,104.0,Box Score,,"17,853",
307,88,10:00p,Chicago Bulls,102.0,Utah Jazz,110.0,Box Score,,"18,306",
308,89,3:30p,Milwaukee Bucks,133.0,Atlanta Hawks,114.0,Box Score,,"16,292",
309,90,7:00p,Golden State Warriors,119.0,Dallas Mavericks,114.0,Box Score,,"20,340",
310,91,8:00p,Portland Trail Blazers,113.0,Denver Nuggets,116.0,Box Score,,"19,520",
311,92,9:30p,Cleveland Cavaliers,101.0,Los Angeles Lakers,95.0,Box Score,,"18,997",
312,93,1:00p,Philadelphia 76ers,108.0,New York Knicks,105.0,Box Score,,"18,596",
313,94,6:00p,Houston Rockets,109.0,Orlando Magic,116.0,Box Score,,"16,982",
314,95,1:00p,Toronto Raptors,140.0,Washington Wizards,138.0,Box Score,2OT,"16,919",
315,96,7:30p,Boston Celtics,102.0,Brooklyn Nets,109.0,Box Score,,"16,247",
316,97,8:00p,Memphis Grizzlies,94.0,Houston Rockets,112.0,Box Score,,"18,055",
317,98,10:30p,New Orleans Pelicans,121.0,Los Angeles Clippers,117.0,Box Score,,"15,283",
318,99,10:00p,Portland Trail Blazers,107.0,Sacramento Kings,115.0,Box Score,,"17,583",
319,100,8:30p,Charlotte Hornets,108.0,San Antonio Spurs,93.0,Box Score,,"18,354",
320,101,9:00p,Detroit Pistons,94.0,Utah Jazz,100.0,Box Score,,"18,306",
321,102,7:30p,Oklahoma City Thunder,126.0,Atlanta Hawks,142.0,Box Score,,"15,045",
322,103,9:00p,Golden State Warriors,142.0,Denver Nuggets,111.0,Box Score,,"19,896",
323,104,7:00p,Phoenix Suns,97.0,Indiana Pacers,131.0,Box Score,,"15,698",
324,105,10:30p,Chicago Bulls,100.0,Los Angeles Lakers,107.0,Box Score,,"18,997",
325,106,8:00p,Miami Heat,86.0,Milwaukee Bucks,124.0,Box Score,,"17,626",
326,107,7:00p,Minnesota Timberwolves,107.0,Philadelphia 76ers,149.0,Box Score,,"20,265",
327,108,8:00p,Toronto Raptors,108.0,Boston Celtics,117.0,Box Score,,"18,624",
328,109,8:30p,San Antonio Spurs,105.0,Dallas Mavericks,101.0,Box Score,,"20,214",
329,110,7:00p,Orlando Magic,115.0,Detroit Pistons,120.0,Box Score,OT,"14,019",
330,111,10:30p,New Orleans Pelicans,140.0,Golden State Warriors,147.0,Box Score,,"19,596",
331,112,8:00p,Brooklyn Nets,145.0,Houston Rockets,142.0,Box Score,OT,"18,055",
332,113,10:30p,Utah Jazz,129.0,Los Angeles Clippers,109.0,Box Score,,"15,535",
333,114,8:00p,Milwaukee Bucks,111.0,Memphis Grizzlies,101.0,Box Score,,"14,921",
334,115,10:00p,Cleveland Cavaliers,112.0,Portland Trail Blazers,129.0,Box Score,,"19,089",
335,116,7:00p,Sacramento Kings,95.0,Charlotte Hornets,114.0,Box Score,,"15,431",
336,117,9:00p,Chicago Bulls,105.0,Denver Nuggets,135.0,Box Score,,"17,289",
337,118,7:00p,Philadelphia 76ers,120.0,Indiana Pacers,96.0,Box Score,,"16,007",
338,119,9:30p,Los Angeles Lakers,138.0,Oklahoma City Thunder,128.0,Box Score,OT,"18,203",
339,120,7:30p,Phoenix Suns,109.0,Toronto Raptors,111.0,Box Score,,"19,800",
340,121,3:00p,New York Knicks,100.0,Washington Wizards,101.0,Box Score,,"19,078","at London, England"
341,122,7:00p,Memphis Grizzlies,116.0,Boston Celtics,122.0,Box Score,,"18,624",
342,123,7:00p,Miami Heat,93.0,Detroit Pistons,98.0,Box Score,,"17,228",
343,124,10:30p,Golden State Warriors,112.0,Los Angeles Clippers,94.0,Box Score,,"19,068",
344,125,8:00p,San Antonio Spurs,116.0,Minnesota Timberwolves,113.0,Box Score,,"17,222",
345,126,7:00p,Brooklyn Nets,117.0,Orlando Magic,115.0,Box Score,,"17,840",
346,127,10:30p,New Orleans Pelicans,112.0,Portland Trail Blazers,128.0,Box Score,,"19,598",
347,128,9:00p,Cleveland Cavaliers,99.0,Utah Jazz,115.0,Box Score,,"18,306",
348,129,7:30p,Boston Celtics,113.0,Atlanta Hawks,105.0,Box Score,,"16,626",
349,130,8:00p,Miami Heat,117.0,Chicago Bulls,103.0,Box Score,,"20,926",
350,131,5:00p,Phoenix Suns,115.0,Charlotte Hornets,135.0,Box Score,,"19,278",
351,132,10:00p,Cleveland Cavaliers,102.0,Denver Nuggets,124.0,Box Score,,"19,520",
352,133,7:00p,Sacramento Kings,103.0,Detroit Pistons,101.0,Box Score,,"15,377",
353,134,8:30p,Los Angeles Lakers,134.0,Houston Rockets,138.0,Box Score,OT,"18,055",
354,135,7:00p,Dallas Mavericks,99.0,Indiana Pacers,111.0,Box Score,,"17,508",
355,136,7:00p,Milwaukee Bucks,118.0,Orlando Magic,108.0,Box Score,,"18,846",
356,137,3:30p,Oklahoma City Thunder,117.0,Philadelphia 76ers,115.0,Box Score,,"20,646",
357,138,7:30p,Memphis Grizzlies,90.0,Toronto Raptors,119.0,Box Score,,"19,800",
358,139,6:00p,Charlotte Hornets,95.0,Indiana Pacers,120.0,Box Score,,"15,015",
359,140,7:00p,Phoenix Suns,114.0,Minnesota Timberwolves,116.0,Box Score,,"14,607",
360,141,7:00p,Los Angeles Clippers,103.0,San Antonio Spurs,95.0,Box Score,,"18,354",
361,142,3:00p,Orlando Magic,122.0,Atlanta Hawks,103.0,Box Score,,"16,611",
362,143,6:00p,Miami Heat,99.0,Boston Celtics,107.0,Box Score,,"18,624",
363,144,3:30p,Sacramento Kings,94.0,Brooklyn Nets,123.0,Box Score,,"14,233",
364,145,1:00p,Chicago Bulls,104.0,Cleveland Cavaliers,88.0,Box Score,,"19,432",
365,146,10:30p,Golden State Warriors,130.0,Los Angeles Lakers,111.0,Box Score,,"18,997",
366,147,5:30p,New Orleans Pelicans,105.0,Memphis Grizzlies,85.0,Box Score,,"17,794",
367,148,2:00p,Dallas Mavericks,106.0,Milwaukee Bucks,116.0,Box Score,,"17,963",
368,149,12:30p,Oklahoma City Thunder,127.0,New York Knicks,109.0,Box Score,,"19,493",
369,150,8:00p,Houston Rockets,93.0,Philadelphia 76ers,121.0,Box Score,,"20,313",
370,151,9:00p,Portland Trail Blazers,109.0,Utah Jazz,104.0,Box Score,,"18,306",
371,152,2:00p,Detroit Pistons,87.0,Washington Wizards,101.0,Box Score,,"16,229",
372,153,8:30p,Los Angeles Clippers,98.0,Dallas Mavericks,106.0,Box Score,,"19,466",
373,154,8:00p,Portland Trail Blazers,114.0,Oklahoma City Thunder,123.0,Box Score,,"18,203",
374,155,9:00p,Minnesota Timberwolves,118.0,Phoenix Suns,91.0,Box Score,,"14,460",
375,156,7:00p,Sacramento Kings,105.0,Toronto Raptors,120.0,Box Score,,"19,800",
376,157,7:30p,Cleveland Cavaliers,103.0,Boston Celtics,123.0,Box Score,,"18,624",
377,158,7:30p,Orlando Magic,110.0,Brooklyn Nets,114.0,Box Score,,"13,185",
378,159,8:00p,Atlanta Hawks,121.0,Chicago Bulls,101.0,Box Score,,"18,223",
379,160,7:00p,Toronto Raptors,106.0,Indiana Pacers,110.0,Box Score,,"16,879",
380,161,8:00p,Charlotte Hornets,118.0,Memphis Grizzlies,107.0,Box Score,,"12,863",
381,162,7:30p,Los Angeles Clippers,111.0,Miami Heat,99.0,Box Score,,"19,600",
382,163,8:00p,Detroit Pistons,98.0,New Orleans Pelicans,94.0,Box Score,,"18,181",
383,164,7:30p,Houston Rockets,114.0,New York Knicks,110.0,Box Score,,"18,819",
384,165,8:00p,San Antonio Spurs,120.0,Philadelphia 76ers,122.0,Box Score,,"20,339",
385,166,10:30p,Denver Nuggets,108.0,Utah Jazz,114.0,Box Score,,"18,306",
386,167,10:30p,Minnesota Timberwolves,120.0,Los Angeles Lakers,105.0,Box Score,,"18,997",
387,168,8:00p,New Orleans Pelicans,116.0,Oklahoma City Thunder,122.0,Box Score,,"18,203",
388,169,9:00p,Portland Trail Blazers,120.0,Phoenix Suns,106.0,Box Score,,"15,441",
389,170,8:00p,Golden State Warriors,126.0,Washington Wizards,118.0,Box Score,,"20,409",
390,171,7:30p,New York Knicks,99.0,Brooklyn Nets,109.0,Box Score,,"17,033",
391,172,8:00p,Los Angeles Clippers,106.0,Chicago Bulls,101.0,Box Score,,"19,354",
392,173,7:30p,Miami Heat,100.0,Cleveland Cavaliers,94.0,Box Score,,"19,432",
393,174,8:30p,Detroit Pistons,101.0,Dallas Mavericks,106.0,Box Score,,"20,327",
394,175,9:00p,Phoenix Suns,95.0,Denver Nuggets,132.0,Box Score,,"17,425",
395,176,8:00p,Toronto Raptors,119.0,Houston Rockets,121.0,Box Score,,"18,055",
396,177,8:00p,Sacramento Kings,99.0,Memphis Grizzlies,96.0,Box Score,,"14,486",
397,178,8:30p,Charlotte Hornets,99.0,Milwaukee Bucks,108.0,Box Score,,"17,803",
398,179,7:00p,Washington Wizards,95.0,Orlando Magic,91.0,Box Score,,"17,216",
399,180,9:00p,Minnesota Timberwolves,102.0,Utah Jazz,106.0,Box Score,,"18,306",
400,181,8:30p,Golden State Warriors,115.0,Boston Celtics,111.0,Box Score,,"18,624",
401,182,9:00p,Philadelphia 76ers,110.0,Denver Nuggets,126.0,Box Score,,"19,673",
402,183,8:00p,Indiana Pacers,103.0,Memphis Grizzlies,106.0,Box Score,,"14,486",
403,184,6:00p,San Antonio Spurs,126.0,New Orleans Pelicans,114.0,Box Score,,"17,724",
404,185,10:00p,Atlanta Hawks,111.0,Portland Trail Blazers,120.0,Box Score,,"19,629",
405,186,3:30p,Cleveland Cavaliers,104.0,Chicago Bulls,101.0,Box Score,,"19,675",
406,187,7:00p,Toronto Raptors,123.0,Dallas Mavericks,120.0,Box Score,,"20,308",
407,188,7:00p,Orlando Magic,98.0,Houston Rockets,103.0,Box Score,,"18,055",
408,189,3:30p,Sacramento Kings,108.0,Los Angeles Clippers,122.0,Box Score,,"19,068",
409,190,9:30p,Phoenix Suns,102.0,Los Angeles Lakers,116.0,Box Score,,"18,997",
410,191,7:00p,Utah Jazz,125.0,Minnesota Timberwolves,111.0,Box Score,,"14,542",
411,192,7:30p,Miami Heat,106.0,New York Knicks,97.0,Box Score,,"18,852",
412,193,6:00p,Milwaukee Bucks,112.0,Oklahoma City Thunder,118.0,Box Score,,"18,203",
413,194,7:00p,Washington Wizards,119.0,San Antonio Spurs,132.0,Box Score,,"18,354",
414,195,7:30p,Brooklyn Nets,104.0,Boston Celtics,112.0,Box Score,,"18,624",
415,196,7:00p,New York Knicks,92.0,Charlotte Hornets,101.0,Box Score,,"13,963",
416,197,7:00p,Golden State Warriors,132.0,Indiana Pacers,100.0,Box Score,,"17,923",
417,198,10:30p,Atlanta Hawks,123.0,Los Angeles Clippers,118.0,Box Score,,"17,382",
418,199,8:00p,Denver Nuggets,95.0,Memphis Grizzlies,92.0,Box Score,,"12,917",
419,200,7:30p,Chicago Bulls,117.0,Brooklyn Nets,122.0,Box Score,,"12,726",
420,201,7:00p,Washington Wizards,113.0,Cleveland Cavaliers,116.0,Box Score,,"19,432",
421,202,7:00p,Milwaukee Bucks,115.0,Detroit Pistons,105.0,Box Score,,"14,187",
422,203,8:00p,New Orleans Pelicans,121.0,Houston Rockets,116.0,Box Score,,"18,055",
423,204,10:30p,Philadelphia 76ers,121.0,Los Angeles Lakers,105.0,Box Score,,"18,997",
424,205,7:00p,Oklahoma City Thunder,126.0,Orlando Magic,117.0,Box Score,,"16,341",
425,206,8:30p,Phoenix Suns,124.0,San Antonio Spurs,126.0,Box Score,,"18,121",
426,207,7:30p,Charlotte Hornets,94.0,Boston Celtics,126.0,Box Score,,"18,624",
427,208,7:30p,Chicago Bulls,105.0,Miami Heat,89.0,Box Score,,"19,600",
428,209,8:00p,Memphis Grizzlies,97.0,Minnesota Timberwolves,99.0,Box Score,OT,"13,615",
429,210,8:00p,Denver Nuggets,105.0,New Orleans Pelicans,99.0,Box Score,,"14,211",
430,211,7:30p,Dallas Mavericks,114.0,New York Knicks,90.0,Box Score,,"18,842",
431,212,10:30p,Utah Jazz,105.0,Portland Trail Blazers,132.0,Box Score,,"19,393",
432,213,10:00p,Atlanta Hawks,113.0,Sacramento Kings,135.0,Box Score,,"17,583",
433,214,8:00p,Indiana Pacers,89.0,Washington Wizards,107.0,Box Score,,"15,354",
434,215,7:00p,Dallas Mavericks,89.0,Detroit Pistons,93.0,Box Score,,"14,075",
435,216,10:30p,Philadelphia 76ers,113.0,Golden State Warriors,104.0,Box Score,,"19,596",
436,217,10:30p,Los Angeles Lakers,123.0,Los Angeles Clippers,120.0,Box Score,OT,"19,068",
437,218,7:00p,Indiana Pacers,100.0,Orlando Magic,107.0,Box Score,,"16,625",
438,219,8:30p,Brooklyn Nets,114.0,San Antonio Spurs,117.0,Box Score,,"18,057",
439,220,8:00p,Milwaukee Bucks,105.0,Toronto Raptors,92.0,Box Score,,"19,800",
440,0,7:00p,Memphis Grizzlies,92.0,Charlotte Hornets,100.0,Box Score,,"15,387",
441,1,10:00p,Houston Rockets,122.0,Denver Nuggets,136.0,Box Score,,"20,106",
442,2,8:00p,Oklahoma City Thunder,118.0,Miami Heat,102.0,Box Score,,"19,600",
443,3,7:30p,Boston Celtics,113.0,New York Knicks,99.0,Box Score,,"18,343",
444,4,9:00p,Atlanta Hawks,112.0,Utah Jazz,128.0,Box Score,,"18,306",
445,5,7:00p,Chicago Bulls,118.0,Charlotte Hornets,125.0,Box Score,,"19,114",
446,6,7:30p,Dallas Mavericks,111.0,Cleveland Cavaliers,98.0,Box Score,,"19,432",
447,7,5:00p,Los Angeles Clippers,111.0,Detroit Pistons,101.0,Box Score,,"17,862",
448,8,8:30p,Los Angeles Lakers,101.0,Golden State Warriors,115.0,Box Score,,"19,596",
449,9,7:30p,Indiana Pacers,95.0,Miami Heat,88.0,Box Score,,"19,600",
450,10,9:00p,Denver Nuggets,107.0,Minnesota Timberwolves,106.0,Box Score,,"17,208",
451,11,7:00p,Brooklyn Nets,89.0,Orlando Magic,102.0,Box Score,,"17,385",
452,12,9:00p,Atlanta Hawks,118.0,Phoenix Suns,112.0,Box Score,,"15,534",
453,13,10:00p,Philadelphia 76ers,108.0,Sacramento Kings,115.0,Box Score,,"17,583",
454,14,8:30p,New Orleans Pelicans,108.0,San Antonio Spurs,113.0,Box Score,,"18,354",
455,15,9:00p,Houston Rockets,125.0,Utah Jazz,98.0,Box Score,,"18,306",
456,16,7:00p,Milwaukee Bucks,131.0,Washington Wizards,115.0,Box Score,,"20,409",
457,17,2:00p,Oklahoma City Thunder,129.0,Boston Celtics,134.0,Box Score,,"18,624",
458,18,1:00p,Memphis Grizzlies,96.0,New York Knicks,84.0,Box Score,,"17,025",
459,19,3:00p,Los Angeles Clippers,103.0,Toronto Raptors,121.0,Box Score,,"19,800",
460,20,7:30p,Milwaukee Bucks,113.0,Brooklyn Nets,94.0,Box Score,,"16,209",
461,21,7:00p,Denver Nuggets,103.0,Detroit Pistons,129.0,Box Score,,"12,589",
462,22,8:00p,Indiana Pacers,109.0,New Orleans Pelicans,107.0,Box Score,,"15,780",
463,23,9:00p,Houston Rockets,118.0,Phoenix Suns,110.0,Box Score,,"15,740",
464,24,10:00p,San Antonio Spurs,112.0,Sacramento Kings,127.0,Box Score,,"16,245",
465,25,7:00p,Atlanta Hawks,137.0,Washington Wizards,129.0,Box Score,,"15,025",
466,26,7:00p,Los Angeles Clippers,117.0,Charlotte Hornets,115.0,Box Score,,"14,300",
467,27,7:00p,Boston Celtics,103.0,Cleveland Cavaliers,96.0,Box Score,,"19,432",
468,28,7:00p,Los Angeles Lakers,94.0,Indiana Pacers,136.0,Box Score,,"17,265",
469,29,8:00p,Minnesota Timberwolves,106.0,Memphis Grizzlies,108.0,Box Score,,"13,454",
470,30,7:30p,Detroit Pistons,105.0,New York Knicks,92.0,Box Score,,"17,853",
471,31,8:00p,Orlando Magic,122.0,Oklahoma City Thunder,132.0,Box Score,,"18,203",
472,32,8:00p,Toronto Raptors,119.0,Philadelphia 76ers,107.0,Box Score,,"20,472",
473,33,10:30p,Miami Heat,118.0,Portland Trail Blazers,108.0,Box Score,,"19,468",
474,34,7:30p,Denver Nuggets,130.0,Brooklyn Nets,135.0,Box Score,,"14,516",
475,35,8:00p,New Orleans Pelicans,125.0,Chicago Bulls,120.0,Box Score,,"18,116",
476,36,8:30p,Charlotte Hornets,93.0,Dallas Mavericks,99.0,Box Score,,"19,606",
477,37,10:30p,San Antonio Spurs,102.0,Golden State Warriors,141.0,Box Score,,"19,596",
478,38,8:00p,Washington Wizards,129.0,Milwaukee Bucks,148.0,Box Score,,"17,360",
479,39,10:00p,Houston Rockets,127.0,Sacramento Kings,101.0,Box Score,,"17,583",
480,40,9:00p,Phoenix Suns,88.0,Utah Jazz,116.0,Box Score,,"18,306",
481,41,7:30p,Toronto Raptors,119.0,Atlanta Hawks,101.0,Box Score,,"16,036",
482,42,8:00p,Los Angeles Lakers,129.0,Boston Celtics,128.0,Box Score,,"18,624",
483,43,7:00p,Los Angeles Clippers,92.0,Indiana Pacers,116.0,Box Score,,"15,756",
484,44,8:00p,Memphis Grizzlies,95.0,Oklahoma City Thunder,117.0,Box Score,,"18,203",
485,45,7:00p,Minnesota Timberwolves,112.0,Orlando Magic,122.0,Box Score,,"17,184",
486,46,10:30p,San Antonio Spurs,118.0,Portland Trail Blazers,127.0,Box Score,,"19,393",
487,47,7:30p,Chicago Bulls,125.0,Brooklyn Nets,106.0,Box Score,,"15,267",
488,48,8:30p,Milwaukee Bucks,122.0,Dallas Mavericks,107.0,Box Score,,"20,420",
489,49,7:00p,New York Knicks,103.0,Detroit Pistons,120.0,Box Score,,"14,430",
490,50,9:30p,Minnesota Timberwolves,117.0,New Orleans Pelicans,122.0,Box Score,,"16,980",
491,51,7:00p,Denver Nuggets,110.0,Philadelphia 76ers,117.0,Box Score,,"20,627",
492,52,9:00p,Golden State Warriors,117.0,Phoenix Suns,107.0,Box Score,,"17,081",
493,53,10:00p,Miami Heat,96.0,Sacramento Kings,102.0,Box Score,,"17,583",
494,54,7:00p,Cleveland Cavaliers,106.0,Washington Wizards,119.0,Box Score,,"16,682",
495,55,7:30p,Charlotte Hornets,129.0,Atlanta Hawks,120.0,Box Score,,"15,048",
496,56,8:00p,Los Angeles Clippers,123.0,Boston Celtics,112.0,Box Score,,"18,624",
497,57,8:00p,Washington Wizards,134.0,Chicago Bulls,125.0,Box Score,,"19,942",
498,58,8:30p,Oklahoma City Thunder,117.0,Houston Rockets,112.0,Box Score,,"18,061",
499,59,7:00p,Cleveland Cavaliers,90.0,Indiana Pacers,105.0,Box Score,,"17,923",
500,60,8:00p,New Orleans Pelicans,90.0,Memphis Grizzlies,99.0,Box Score,,"16,841",
501,61,9:00p,Orlando Magic,103.0,Milwaukee Bucks,83.0,Box Score,,"17,812",
502,62,7:30p,Toronto Raptors,104.0,New York Knicks,99.0,Box Score,,"18,886",
503,63,5:00p,San Antonio Spurs,105.0,Utah Jazz,125.0,Box Score,,"18,306",
504,64,7:30p,Orlando Magic,124.0,Atlanta Hawks,108.0,Box Score,,"13,370",
505,65,3:00p,Portland Trail Blazers,101.0,Dallas Mavericks,102.0,Box Score,,"20,340",
506,66,8:30p,Miami Heat,118.0,Golden State Warriors,120.0,Box Score,,"19,596",
507,67,3:30p,Los Angeles Lakers,120.0,Philadelphia 76ers,143.0,Box Score,,"20,683",
508,68,6:00p,Phoenix Suns,104.0,Sacramento Kings,117.0,Box Score,,"17,583",
509,69,8:00p,Milwaukee Bucks,112.0,Chicago Bulls,99.0,Box Score,,"18,833",
510,70,7:00p,New York Knicks,104.0,Cleveland Cavaliers,107.0,Box Score,,"19,432",
511,71,9:00p,Miami Heat,87.0,Denver Nuggets,103.0,Box Score,,"18,378",
512,72,7:00p,Washington Wizards,112.0,Detroit Pistons,121.0,Box Score,,"15,246",
513,73,8:00p,Dallas Mavericks,104.0,Houston Rockets,120.0,Box Score,,"18,055",
514,74,7:00p,Charlotte Hornets,90.0,Indiana Pacers,99.0,Box Score,,"15,734",
515,75,8:00p,Los Angeles Clippers,120.0,Minnesota Timberwolves,130.0,Box Score,,"13,782",
516,76,8:00p,Portland Trail Blazers,111.0,Oklahoma City Thunder,120.0,Box Score,,"18,203",
517,77,7:30p,Brooklyn Nets,125.0,Toronto Raptors,127.0,Box Score,,"19,800",
518,78,7:30p,Los Angeles Lakers,113.0,Atlanta Hawks,117.0,Box Score,,"16,824",
519,79,10:30p,Utah Jazz,108.0,Golden State Warriors,115.0,Box Score,,"19,596",
520,80,8:00p,San Antonio Spurs,108.0,Memphis Grizzlies,107.0,Box Score,,"13,788",
521,81,8:00p,Orlando Magic,118.0,New Orleans Pelicans,88.0,Box Score,,"15,733",
522,82,8:00p,Boston Celtics,112.0,Philadelphia 76ers,109.0,Box Score,,"20,582",
523,83,7:30p,Detroit Pistons,110.0,Boston Celtics,118.0,Box Score,,"18,624",
524,84,8:00p,Memphis Grizzlies,110.0,Chicago Bulls,122.0,Box Score,,"19,114",
525,85,7:00p,Brooklyn Nets,148.0,Cleveland Cavaliers,139.0,Box Score,3OT,"17,434",
526,86,8:30p,Miami Heat,112.0,Dallas Mavericks,101.0,Box Score,,"20,364",
527,87,9:00p,Sacramento Kings,118.0,Denver Nuggets,120.0,Box Score,,"17,938",
528,88,7:00p,Milwaukee Bucks,106.0,Indiana Pacers,97.0,Box Score,,"17,311",
529,89,10:30p,Phoenix Suns,107.0,Los Angeles Clippers,134.0,Box Score,,"17,703",
530,90,8:00p,Houston Rockets,111.0,Minnesota Timberwolves,121.0,Box Score,,"15,131",
531,91,7:30p,Philadelphia 76ers,126.0,New York Knicks,111.0,Box Score,,"18,983",
532,92,10:30p,Golden State Warriors,107.0,Portland Trail Blazers,129.0,Box Score,,"19,549",
533,93,7:30p,Washington Wizards,120.0,Toronto Raptors,129.0,Box Score,,"19,800",
534,94,7:30p,New York Knicks,106.0,Atlanta Hawks,91.0,Box Score,,"14,179",
535,95,8:00p,Oklahoma City Thunder,122.0,New Orleans Pelicans,131.0,Box Score,,"15,686",
536,96,7:00p,Charlotte Hornets,89.0,Orlando Magic,127.0,Box Score,,"18,846",
537,97,7:30p,Portland Trail Blazers,113.0,Brooklyn Nets,99.0,Box Score,,"17,732",
538,98,7:00p,Phoenix Suns,98.0,Cleveland Cavaliers,111.0,Box Score,,"19,022",
539,99,10:30p,Sacramento Kings,123.0,Golden State Warriors,125.0,Box Score,,"19,596",
540,100,10:30p,Houston Rockets,106.0,Los Angeles Lakers,111.0,Box Score,,"18,997",
541,101,8:00p,Boston Celtics,97.0,Milwaukee Bucks,98.0,Box Score,,"17,926",
542,102,7:00p,Miami Heat,102.0,Philadelphia 76ers,106.0,Box Score,,"20,505",
543,103,7:30p,Detroit Pistons,125.0,Atlanta Hawks,122.0,Box Score,,"14,067",
544,104,7:00p,Washington Wizards,110.0,Charlotte Hornets,123.0,Box Score,,"15,572",
545,105,8:30p,Denver Nuggets,114.0,Dallas Mavericks,104.0,Box Score,,"20,382",
546,106,7:00p,New Orleans Pelicans,111.0,Indiana Pacers,126.0,Box Score,,"16,962",
547,107,8:00p,Los Angeles Clippers,112.0,Memphis Grizzlies,106.0,Box Score,,"16,444",
548,108,7:30p,Minnesota Timberwolves,115.0,New York Knicks,104.0,Box Score,,"19,096",
549,109,9:30p,Utah Jazz,147.0,Oklahoma City Thunder,148.0,Box Score,2OT,"18,203",
550,110,7:00p,Chicago Bulls,110.0,Orlando Magic,109.0,Box Score,,"18,846",
551,111,7:00p,San Antonio Spurs,117.0,Toronto Raptors,120.0,Box Score,,"20,058",
552,112,7:00p,Phoenix Suns,112.0,Atlanta Hawks,120.0,Box Score,,"15,214",
553,113,8:00p,Boston Celtics,116.0,Chicago Bulls,126.0,Box Score,,"21,295",
554,114,7:00p,Brooklyn Nets,117.0,Charlotte Hornets,115.0,Box Score,,"19,158",
555,115,7:00p,Memphis Grizzlies,107.0,Cleveland Cavaliers,112.0,Box Score,,"19,432",
556,116,8:30p,Houston Rockets,118.0,Golden State Warriors,112.0,Box Score,,"19,596",
557,117,7:30p,Detroit Pistons,119.0,Miami Heat,96.0,Box Score,,"19,600",
558,118,8:30p,Minnesota Timberwolves,128.0,Milwaukee Bucks,140.0,Box Score,,"17,972",
559,119,7:00p,Los Angeles Lakers,115.0,New Orleans Pelicans,128.0,Box Score,,"18,626",
560,120,8:00p,Sacramento Kings,119.0,Oklahoma City Thunder,116.0,Box Score,,"18,203",
561,121,1:00p,Portland Trail Blazers,130.0,Philadelphia 76ers,115.0,Box Score,,"20,619",
562,122,10:00p,Dallas Mavericks,109.0,Utah Jazz,125.0,Box Score,,"18,306",
563,123,7:00p,Indiana Pacers,119.0,Washington Wizards,112.0,Box Score,,"19,648",
564,124,5:00p,Los Angeles Clippers,96.0,Denver Nuggets,123.0,Box Score,,"19,956",
565,125,7:30p,San Antonio Spurs,118.0,New York Knicks,130.0,Box Score,,"18,019",
566,126,3:30p,Orlando Magic,113.0,Toronto Raptors,98.0,Box Score,,"19,800",
567,127,7:30p,San Antonio Spurs,85.0,Brooklyn Nets,101.0,Box Score,,"13,479",
568,128,8:00p,Milwaukee Bucks,117.0,Chicago Bulls,106.0,Box Score,,"20,936",
569,129,7:00p,Golden State Warriors,121.0,Charlotte Hornets,110.0,Box Score,,"19,419",
570,130,7:00p,Portland Trail Blazers,123.0,Cleveland Cavaliers,110.0,Box Score,,"19,432",
571,131,7:00p,Indiana Pacers,109.0,Detroit Pistons,113.0,Box Score,,"15,321",
572,132,8:00p,Atlanta Hawks,111.0,Houston Rockets,119.0,Box Score,,"18,055",
573,133,10:30p,Dallas Mavericks,112.0,Los Angeles Clippers,121.0,Box Score,,"19,068",
574,134,8:00p,Los Angeles Lakers,105.0,Memphis Grizzlies,110.0,Box Score,,"17,794",
575,135,7:30p,Phoenix Suns,124.0,Miami Heat,121.0,Box Score,,"19,600",
576,136,8:00p,Sacramento Kings,105.0,Minnesota Timberwolves,112.0,Box Score,,"13,691",
577,137,8:00p,Philadelphia 76ers,111.0,New Orleans Pelicans,110.0,Box Score,,"17,194",
578,138,10:30p,Oklahoma City Thunder,112.0,Denver Nuggets,121.0,Box Score,,"18,378",
579,139,7:30p,Orlando Magic,103.0,New York Knicks,108.0,Box Score,,"17,833",
580,140,8:00p,Boston Celtics,95.0,Toronto Raptors,118.0,Box Score,,"19,800",
581,141,7:30p,Minnesota Timberwolves,123.0,Atlanta Hawks,131.0,Box Score,OT,"14,101",
582,142,8:00p,Portland Trail Blazers,97.0,Boston Celtics,92.0,Box Score,,"18,624",
583,143,7:30p,Washington Wizards,125.0,Brooklyn Nets,116.0,Box Score,,"13,683",
584,144,7:00p,Houston Rockets,118.0,Charlotte Hornets,113.0,Box Score,,"17,903",
585,145,8:30p,Indiana Pacers,101.0,Dallas Mavericks,110.0,Box Score,,"19,978",
586,146,10:30p,New Orleans Pelicans,119.0,Los Angeles Lakers,125.0,Box Score,,"18,997",
587,147,8:00p,Chicago Bulls,109.0,Memphis Grizzlies,107.0,Box Score,,"13,711",
588,148,7:30p,Golden State Warriors,125.0,Miami Heat,126.0,Box Score,,"19,647",
589,149,10:00p,Milwaukee Bucks,141.0,Sacramento Kings,140.0,Box Score,OT,"17,583",
590,150,8:30p,Detroit Pistons,93.0,San Antonio Spurs,105.0,Box Score,,"18,354",
591,151,9:00p,Los Angeles Clippers,105.0,Utah Jazz,111.0,Box Score,,"18,306",
592,152,10:30p,Utah Jazz,111.0,Denver Nuggets,104.0,Box Score,,"19,520",
593,153,8:00p,Miami Heat,118.0,Houston Rockets,121.0,Box Score,,"18,119",
594,154,7:00p,Minnesota Timberwolves,115.0,Indiana Pacers,122.0,Box Score,,"17,003",
595,155,7:30p,Cleveland Cavaliers,125.0,New York Knicks,118.0,Box Score,,"17,573",
596,156,8:00p,Philadelphia 76ers,108.0,Oklahoma City Thunder,104.0,Box Score,,"18,203",
597,157,7:00p,Golden State Warriors,96.0,Orlando Magic,103.0,Box Score,,"18,846",
598,0,8:00p,Philadelphia 76ers,87.0,Boston Celtics,105.0,Box Score,,"18,624",
599,1,10:30p,Oklahoma City Thunder,100.0,Golden State Warriors,108.0,Box Score,,"19,596",
600,2,7:00p,Milwaukee Bucks,113.0,Charlotte Hornets,112.0,Box Score,,"17,889",
601,3,7:00p,Brooklyn Nets,100.0,Detroit Pistons,103.0,Box Score,,"20,332",
602,4,8:00p,New Orleans Pelicans,131.0,Houston Rockets,112.0,Box Score,,"18,055",
603,5,7:00p,Memphis Grizzlies,83.0,Indiana Pacers,111.0,Box Score,,"17,923",
604,6,10:30p,Denver Nuggets,107.0,Los Angeles Clippers,98.0,Box Score,,"19,068",
605,7,7:30p,Atlanta Hawks,107.0,New York Knicks,126.0,Box Score,,"18,249",
606,8,7:00p,Miami Heat,101.0,Orlando Magic,104.0,Box Score,,"19,191",
607,9,10:30p,Dallas Mavericks,100.0,Phoenix Suns,121.0,Box Score,,"18,055",
608,10,10:00p,Utah Jazz,123.0,Sacramento Kings,117.0,Box Score,,"17,583",
609,11,8:30p,Minnesota Timberwolves,108.0,San Antonio Spurs,112.0,Box Score,,"18,354",
610,12,7:30p,Cleveland Cavaliers,104.0,Toronto Raptors,116.0,Box Score,,"19,915",
611,13,8:00p,Chicago Bulls,108.0,Philadelphia 76ers,127.0,Box Score,,"20,302",
612,14,10:30p,Los Angeles Lakers,119.0,Portland Trail Blazers,128.0,Box Score,,"19,996",
613,15,8:00p,Miami Heat,113.0,Washington Wizards,112.0,Box Score,,"20,409",
614,16,7:30p,New York Knicks,105.0,Brooklyn Nets,107.0,Box Score,,"17,732",
615,17,10:30p,Oklahoma City Thunder,92.0,Los Angeles Clippers,108.0,Box Score,,"14,816",
616,18,8:00p,Atlanta Hawks,117.0,Memphis Grizzlies,131.0,Box Score,,"17,019",
617,19,8:30p,Indiana Pacers,101.0,Milwaukee Bucks,118.0,Box Score,,"17,341",
618,20,8:00p,Cleveland Cavaliers,123.0,Minnesota Timberwolves,131.0,Box Score,,"18,978",
619,21,8:00p,Sacramento Kings,129.0,New Orleans Pelicans,149.0,Box Score,,"18,337",
620,22,7:00p,Charlotte Hornets,120.0,Orlando Magic,88.0,Box Score,,"17,668",
621,23,8:00p,Boston Celtics,101.0,Toronto Raptors,113.0,Box Score,,"19,800",
622,24,10:30p,Golden State Warriors,124.0,Utah Jazz,123.0,Box Score,,"18,306",
623,25,8:00p,Detroit Pistons,118.0,Chicago Bulls,116.0,Box Score,,"21,289",
624,26,8:30p,Minnesota Timberwolves,136.0,Dallas Mavericks,140.0,Box Score,,"20,205",
625,27,9:00p,Phoenix Suns,91.0,Denver Nuggets,119.0,Box Score,,"19,592",
626,28,7:00p,Brooklyn Nets,112.0,Indiana Pacers,132.0,Box Score,,"17,007",
627,29,10:30p,Houston Rockets,124.0,Los Angeles Lakers,115.0,Box Score,,"18,997",
628,30,8:00p,Charlotte Hornets,113.0,Miami Heat,112.0,Box Score,,"19,600",
629,31,7:30p,Boston Celtics,103.0,New York Knicks,101.0,Box Score,,"19,427",
630,32,7:30p,Orlando Magic,115.0,Philadelphia 76ers,116.0,Box Score,,"20,300",
631,33,10:00p,San Antonio Spurs,108.0,Portland Trail Blazers,121.0,Box Score,,"19,461",
632,34,7:00p,Toronto Raptors,117.0,Washington Wizards,113.0,Box Score,,"16,185",
633,35,6:00p,Atlanta Hawks,133.0,Cleveland Cavaliers,111.0,Box Score,,"19,432",
634,36,8:00p,Golden State Warriors,98.0,Denver Nuggets,100.0,Box Score,,"19,520",
635,37,9:00p,Houston Rockets,112.0,Los Angeles Clippers,115.0,Box Score,,"16,149",
636,38,7:00p,Sacramento Kings,131.0,Oklahoma City Thunder,120.0,Box Score,,"18,203",
637,39,7:30p,Orlando Magic,93.0,Boston Celtics,90.0,Box Score,,"18,624",
638,40,8:30p,Chicago Bulls,109.0,Dallas Mavericks,115.0,Box Score,,"19,291",
639,41,10:30p,Phoenix Suns,103.0,Golden State Warriors,123.0,Box Score,,"19,596",
640,42,10:30p,San Antonio Spurs,143.0,Los Angeles Lakers,142.0,Box Score,OT,"18,997",
641,43,8:00p,New York Knicks,113.0,Milwaukee Bucks,124.0,Box Score,,"16,228",
642,44,8:00p,Indiana Pacers,91.0,Minnesota Timberwolves,101.0,Box Score,,"10,371",
643,45,10:00p,Washington Wizards,125.0,Portland Trail Blazers,124.0,Box Score,OT,"19,187",
644,46,7:30p,Charlotte Hornets,106.0,Toronto Raptors,127.0,Box Score,,"19,800",
645,47,9:00p,Memphis Grizzlies,92.0,Utah Jazz,84.0,Box Score,,"18,306",
646,48,9:00p,Sacramento Kings,112.0,Denver Nuggets,126.0,Box Score,,"13,214",
647,49,7:00p,Philadelphia 76ers,132.0,Detroit Pistons,133.0,Box Score,OT,"14,418",
648,50,8:00p,Los Angeles Clippers,109.0,New Orleans Pelicans,116.0,Box Score,,"14,625",
649,51,7:00p,Dallas Mavericks,104.0,Atlanta Hawks,111.0,Box Score,,"16,705",
650,52,8:00p,Charlotte Hornets,110.0,Chicago Bulls,112.0,Box Score,,"19,170",
651,53,7:00p,Brooklyn Nets,102.0,Cleveland Cavaliers,86.0,Box Score,,"19,432",
652,54,10:30p,Washington Wizards,122.0,Golden State Warriors,144.0,Box Score,,"19,596",
653,55,8:00p,Utah Jazz,100.0,Houston Rockets,89.0,Box Score,,"18,055",
654,56,7:30p,New York Knicks,87.0,Miami Heat,110.0,Box Score,,"19,600",
655,57,9:30p,Philadelphia 76ers,108.0,Milwaukee Bucks,123.0,Box Score,,"17,341",
656,58,10:00p,Los Angeles Lakers,131.0,Phoenix Suns,113.0,Box Score,,"18,055",
657,59,10:00p,Memphis Grizzlies,92.0,Sacramento Kings,97.0,Box Score,,"14,198",
658,60,8:30p,Indiana Pacers,116.0,San Antonio Spurs,96.0,Box Score,,"18,354",
659,61,7:30p,Minnesota Timberwolves,105.0,Toronto Raptors,112.0,Box Score,,"19,800",
660,62,7:00p,Cleveland Cavaliers,103.0,Detroit Pistons,110.0,Box Score,,"15,896",
661,63,10:30p,Denver Nuggets,114.0,Los Angeles Lakers,121.0,Box Score,,"18,997",
662,64,8:00p,Boston Celtics,101.0,Oklahoma City Thunder,95.0,Box Score,,"18,203",
663,65,7:00p,Portland Trail Blazers,128.0,Orlando Magic,114.0,Box Score,,"15,114",
664,66,7:00p,Chicago Bulls,106.0,Charlotte Hornets,135.0,Box Score,,"15,220",
665,67,8:00p,Los Angeles Clippers,133.0,Houston Rockets,113.0,Box Score,,"18,055",
666,68,8:00p,Milwaukee Bucks,125.0,Minnesota Timberwolves,95.0,Box Score,,"16,334",
667,69,8:00p,Brooklyn Nets,115.0,New Orleans Pelicans,117.0,Box Score,,"15,272",
668,70,7:30p,Golden State Warriors,128.0,New York Knicks,100.0,Box Score,,"19,812",
669,71,10:00p,Washington Wizards,112.0,Sacramento Kings,116.0,Box Score,,"14,101",
670,72,7:30p,Dallas Mavericks,107.0,Toronto Raptors,116.0,Box Score,,"19,800",
671,73,7:30p,Chicago Bulls,97.0,Atlanta Hawks,85.0,Box Score,,"15,549",
672,74,7:30p,Indiana Pacers,119.0,Cleveland Cavaliers,107.0,Box Score,,"19,432",
673,75,7:00p,Boston Celtics,109.0,Detroit Pistons,89.0,Box Score,,"18,120",
674,76,8:00p,Phoenix Suns,96.0,Memphis Grizzlies,117.0,Box Score,,"15,926",
675,77,8:00p,Portland Trail Blazers,111.0,Miami Heat,120.0,Box Score,,"19,600",
676,78,8:30p,Orlando Magic,91.0,Milwaukee Bucks,113.0,Box Score,,"17,341",
677,79,7:00p,Utah Jazz,132.0,New Orleans Pelicans,111.0,Box Score,,"16,373",
678,80,7:30p,Charlotte Hornets,103.0,Philadelphia 76ers,105.0,Box Score,,"20,203",
679,81,8:30p,Los Angeles Lakers,106.0,San Antonio Spurs,110.0,Box Score,,"18,589",
680,82,5:00p,Golden State Warriors,120.0,Brooklyn Nets,114.0,Box Score,,"17,732",
681,83,7:00p,Utah Jazz,113.0,Dallas Mavericks,104.0,Box Score,,"19,571",
682,84,9:30p,Washington Wizards,104.0,Los Angeles Clippers,136.0,Box Score,,"16,491",
683,85,7:00p,Phoenix Suns,110.0,Oklahoma City Thunder,117.0,Box Score,,"18,203",
684,86,8:00p,Golden State Warriors,149.0,Chicago Bulls,124.0,Box Score,,"21,076",
685,87,9:00p,New Orleans Pelicans,111.0,Denver Nuggets,116.0,Box Score,,"15,217",
686,88,7:00p,Portland Trail Blazers,103.0,Indiana Pacers,93.0,Box Score,,"15,788",
687,89,7:30p,Sacramento Kings,123.0,Miami Heat,113.0,Box Score,,"19,600",
688,90,8:00p,Toronto Raptors,109.0,Milwaukee Bucks,124.0,Box Score,,"17,341",
689,91,8:00p,Los Angeles Lakers,120.0,Minnesota Timberwolves,124.0,Box Score,,"18,978",
690,92,7:30p,Brooklyn Nets,96.0,New York Knicks,115.0,Box Score,,"19,221",
691,93,7:00p,Atlanta Hawks,92.0,Philadelphia 76ers,113.0,Box Score,,"20,269",
692,94,8:30p,Dallas Mavericks,108.0,San Antonio Spurs,113.0,Box Score,OT,"18,354",
693,95,7:30p,Detroit Pistons,105.0,Boston Celtics,108.0,Box Score,,"18,624",
694,96,7:00p,Miami Heat,113.0,Charlotte Hornets,125.0,Box Score,,"14,117",
695,97,7:00p,Atlanta Hawks,114.0,Cleveland Cavaliers,136.0,Box Score,,"19,432",
696,98,8:00p,Portland Trail Blazers,104.0,Houston Rockets,85.0,Box Score,,"18,055",
697,99,8:00p,Washington Wizards,95.0,Memphis Grizzlies,107.0,Box Score,,"14,106",
698,100,8:00p,Los Angeles Clippers,110.0,Oklahoma City Thunder,128.0,Box Score,,"18,203",
699,101,7:00p,Sacramento Kings,107.0,Orlando Magic,99.0,Box Score,,"15,074",
700,102,7:30p,Philadelphia 76ers,112.0,Toronto Raptors,129.0,Box Score,,"19,800",
701,103,7:30p,Detroit Pistons,119.0,Brooklyn Nets,120.0,Box Score,OT,"12,862",
702,104,8:00p,Denver Nuggets,108.0,Chicago Bulls,107.0,Box Score,OT,"19,027",
703,105,10:30p,New Orleans Pelicans,121.0,Golden State Warriors,131.0,Box Score,,"19,596",
704,106,10:30p,Dallas Mavericks,113.0,Los Angeles Lakers,114.0,Box Score,,"18,997",
705,107,8:00p,Utah Jazz,125.0,Minnesota Timberwolves,128.0,Box Score,,"10,079",
706,108,8:00p,Indiana Pacers,107.0,New York Knicks,101.0,Box Score,,"18,295",
707,109,10:30p,San Antonio Spurs,120.0,Phoenix Suns,90.0,Box Score,,"12,328",
708,0,7:30p,Sacramento Kings,146.0,Atlanta Hawks,115.0,Box Score,,"12,095",
709,1,8:00p,Milwaukee Bucks,113.0,Boston Celtics,117.0,Box Score,,"18,624",
710,2,7:00p,Oklahoma City Thunder,111.0,Charlotte Hornets,107.0,Box Score,,"14,583",
711,3,7:00p,Denver Nuggets,110.0,Cleveland Cavaliers,91.0,Box Score,,"19,432",
712,4,7:00p,Los Angeles Clippers,113.0,Philadelphia 76ers,122.0,Box Score,,"20,246",
713,5,10:30p,New Orleans Pelicans,119.0,Portland Trail Blazers,132.0,Box Score,,"18,921",
714,6,7:30p,Houston Rockets,119.0,Brooklyn Nets,111.0,Box Score,,"14,013",
715,7,8:00p,Indiana Pacers,107.0,Chicago Bulls,105.0,Box Score,,"19,704",
716,8,8:30p,New York Knicks,118.0,Dallas Mavericks,106.0,Box Score,,"20,008",
717,9,10:30p,Minnesota Timberwolves,99.0,Golden State Warriors,116.0,Box Score,,"19,596",
718,10,7:00p,Los Angeles Clippers,120.0,Orlando Magic,95.0,Box Score,,"15,953",
719,11,10:00p,Toronto Raptors,107.0,Phoenix Suns,98.0,Box Score,,"15,843",
720,12,9:00p,Memphis Grizzlies,110.0,Utah Jazz,100.0,Box Score,,"18,306",
721,13,8:00p,Oklahoma City Thunder,134.0,Washington Wizards,111.0,Box Score,,"20,409",
722,14,7:30p,Miami Heat,118.0,Atlanta Hawks,123.0,Box Score,,"16,303",
723,15,8:00p,Houston Rockets,96.0,Chicago Bulls,88.0,Box Score,,"20,505",
724,16,7:00p,Cleveland Cavaliers,94.0,Charlotte Hornets,126.0,Box Score,,"16,221",
725,17,9:00p,Utah Jazz,88.0,Denver Nuggets,103.0,Box Score,,"19,520",
726,18,7:00p,Boston Celtics,101.0,Indiana Pacers,102.0,Box Score,,"17,505",
727,19,1:00p,Detroit Pistons,99.0,Philadelphia 76ers,109.0,Box Score,,"20,289",
728,20,10:00p,Los Angeles Lakers,114.0,Portland Trail Blazers,110.0,Box Score,,"19,848",
729,21,8:30p,New Orleans Pelicans,95.0,San Antonio Spurs,109.0,Box Score,,"18,354",
730,22,6:00p,Philadelphia 76ers,97.0,Brooklyn Nets,122.0,Box Score,,"12,826",
731,23,9:30p,Toronto Raptors,121.0,Los Angeles Lakers,107.0,Box Score,,"18,997",
732,24,3:30p,Sacramento Kings,109.0,Milwaukee Bucks,144.0,Box Score,,"17,341",
733,25,8:00p,Memphis Grizzlies,100.0,Phoenix Suns,102.0,Box Score,,"13,074",
734,26,9:00p,Minnesota Timberwolves,81.0,Portland Trail Blazers,111.0,Box Score,,"19,522",
735,27,7:00p,Orlando Magic,117.0,San Antonio Spurs,110.0,Box Score,,"18,354",
736,28,6:00p,New York Knicks,95.0,Washington Wizards,108.0,Box Score,,"16,679",
737,29,9:00p,Boston Celtics,107.0,Denver Nuggets,115.0,Box Score,,"19,520",
738,30,7:00p,Miami Heat,120.0,Detroit Pistons,115.0,Box Score,OT,"14,148",
739,31,10:30p,Memphis Grizzlies,101.0,Golden State Warriors,117.0,Box Score,,"19,596",
740,32,7:00p,Houston Rockets,98.0,Indiana Pacers,94.0,Box Score,,"14,735",
741,33,10:30p,Minnesota Timberwolves,109.0,Los Angeles Clippers,120.0,Box Score,,"16,564",
742,34,7:30p,Chicago Bulls,116.0,New York Knicks,115.0,Box Score,2OT,"19,812",
743,35,8:00p,New Orleans Pelicans,116.0,Oklahoma City Thunder,122.0,Box Score,,"18,203",
744,36,7:00p,Cleveland Cavaliers,100.0,Orlando Magic,102.0,Box Score,,"15,009",
745,37,9:00p,Toronto Raptors,124.0,Utah Jazz,111.0,Box Score,,"18,306",
746,38,7:00p,Atlanta Hawks,102.0,Charlotte Hornets,113.0,Box Score,,"13,955",
747,39,8:30p,Washington Wizards,100.0,Dallas Mavericks,119.0,Box Score,,"19,234",
748,40,9:00p,Brooklyn Nets,104.0,Phoenix Suns,82.0,Box Score,,"14,205",
749,41,10:00p,Milwaukee Bucks,103.0,Portland Trail Blazers,118.0,Box Score,,"19,512",
750,42,7:30p,New York Knicks,112.0,Atlanta Hawks,107.0,Box Score,,"12,412",
751,43,7:00p,Oklahoma City Thunder,95.0,Cleveland Cavaliers,86.0,Box Score,,"19,432",
752,44,8:00p,Philadelphia 76ers,100.0,Indiana Pacers,94.0,Box Score,,"16,434",
753,45,10:30p,Minnesota Timberwolves,110.0,Los Angeles Lakers,114.0,Box Score,,"18,997",
754,46,8:00p,Denver Nuggets,87.0,Memphis Grizzlies,89.0,Box Score,,"15,832",
755,47,7:30p,San Antonio Spurs,88.0,Miami Heat,95.0,Box Score,,"19,600",
756,48,8:00p,Chicago Bulls,98.0,New Orleans Pelicans,107.0,Box Score,,"15,514",
757,49,7:00p,Detroit Pistons,103.0,Orlando Magic,96.0,Box Score,,"16,103",
758,50,10:00p,Toronto Raptors,114.0,Sacramento Kings,105.0,Box Score,,"17,583",
759,51,9:00p,Dallas Mavericks,102.0,Utah Jazz,117.0,Box Score,,"18,306",
760,52,10:30p,Milwaukee Bucks,134.0,Golden State Warriors,111.0,Box Score,,"19,596",
761,53,8:00p,Houston Rockets,80.0,Oklahoma City Thunder,98.0,Box Score,,"18,203",
762,54,9:00p,Boston Celtics,116.0,Phoenix Suns,109.0,Box Score,OT,"17,359",
763,55,10:00p,Los Angeles Clippers,105.0,Portland Trail Blazers,116.0,Box Score,,"19,170",
764,56,7:30p,Detroit Pistons,124.0,Atlanta Hawks,109.0,Box Score,,"14,759",
765,57,9:00p,Brooklyn Nets,112.0,Denver Nuggets,110.0,Box Score,,"19,520",
766,58,8:00p,Indiana Pacers,110.0,Miami Heat,102.0,Box Score,,"19,600",
767,59,7:00p,Washington Wizards,108.0,Orlando Magic,117.0,Box Score,,"16,562",
768,60,7:00p,Charlotte Hornets,132.0,Philadelphia 76ers,133.0,Box Score,OT,"20,424",
769,61,10:00p,Minnesota Timberwolves,110.0,Sacramento Kings,121.0,Box Score,,"17,583",
770,62,9:30p,Boston Celtics,115.0,Utah Jazz,123.0,Box Score,,"18,306",
771,63,8:00p,Cleveland Cavaliers,98.0,Chicago Bulls,99.0,Box Score,,"21,506",
772,64,9:00p,Oklahoma City Thunder,96.0,Dallas Mavericks,111.0,Box Score,,"19,818",
773,65,8:30p,Brooklyn Nets,100.0,Golden State Warriors,116.0,Box Score,,"19,596",
774,66,3:30p,Milwaukee Bucks,126.0,Los Angeles Clippers,128.0,Box Score,OT,"17,486",
775,67,8:00p,Philadelphia 76ers,106.0,Memphis Grizzlies,112.0,Box Score,OT,"16,904",
776,68,8:00p,Washington Wizards,116.0,Miami Heat,110.0,Box Score,,"19,600",
777,69,7:00p,Phoenix Suns,99.0,New Orleans Pelicans,119.0,Box Score,,"15,222",
778,70,10:00p,Los Angeles Lakers,101.0,Sacramento Kings,86.0,Box Score,,"17,583",
779,71,8:30p,Houston Rockets,89.0,San Antonio Spurs,96.0,Box Score,,"18,354",
780,72,3:00p,New York Knicks,112.0,Toronto Raptors,128.0,Box Score,,"19,800",
781,73,8:00p,Milwaukee Bucks,121.0,Denver Nuggets,114.0,Box Score,,"19,520",
782,74,3:30p,Charlotte Hornets,113.0,Detroit Pistons,103.0,Box Score,,"15,133",
783,75,7:00p,Indiana Pacers,103.0,Houston Rockets,115.0,Box Score,,"18,055",
784,76,9:30p,Atlanta Hawks,106.0,Los Angeles Lakers,107.0,Box Score,,"18,997",
785,77,7:30p,Orlando Magic,115.0,New York Knicks,89.0,Box Score,,"19,812",
786,78,9:00p,Boston Celtics,94.0,Portland Trail Blazers,100.0,Box Score,,"19,712",
787,79,8:00p,Dallas Mavericks,103.0,Chicago Bulls,98.0,Box Score,,"19,012",
788,80,10:30p,Golden State Warriors,116.0,Los Angeles Clippers,121.0,Box Score,OT,"19,068",
789,81,8:00p,Utah Jazz,96.0,Memphis Grizzlies,88.0,Box Score,,"13,477",
790,82,7:30p,Philadelphia 76ers,124.0,Miami Heat,114.0,Box Score,,"19,600",
791,83,8:00p,Brooklyn Nets,113.0,Minnesota Timberwolves,120.0,Box Score,,"10,186",
792,84,8:00p,Phoenix Suns,101.0,Oklahoma City Thunder,118.0,Box Score,,"18,203",
793,85,10:00p,San Antonio Spurs,99.0,Sacramento Kings,104.0,Box Score,,"15,500",
794,86,7:30p,New Orleans Pelicans,126.0,Toronto Raptors,110.0,Box Score,,"19,800",
795,87,7:00p,Orlando Magic,109.0,Washington Wizards,117.0,Box Score,,"15,346",
796,88,7:00p,Charlotte Hornets,89.0,Cleveland Cavaliers,113.0,Box Score,,"19,432",
797,89,9:00p,Houston Rockets,109.0,Denver Nuggets,99.0,Box Score,,"16,741",
798,90,10:30p,Atlanta Hawks,103.0,Golden State Warriors,110.0,Box Score,,"19,596",
799,91,7:30p,Chicago Bulls,82.0,Boston Celtics,111.0,Box Score,,"18,624",
800,92,7:30p,Miami Heat,120.0,Brooklyn Nets,107.0,Box Score,,"13,317",
801,93,8:30p,Utah Jazz,68.0,Dallas Mavericks,118.0,Box Score,,"19,371",
802,94,10:30p,Portland Trail Blazers,117.0,Los Angeles Lakers,126.0,Box Score,,"18,997",
803,95,8:00p,Memphis Grizzlies,116.0,Milwaukee Bucks,113.0,Box Score,,"16,817",
804,96,8:00p,New Orleans Pelicans,100.0,Minnesota Timberwolves,107.0,Box Score,,"11,636",
805,97,8:00p,New York Knicks,103.0,Oklahoma City Thunder,128.0,Box Score,,"18,203",
806,98,7:00p,Philadelphia 76ers,106.0,Orlando Magic,111.0,Box Score,,"15,921",
807,99,9:00p,San Antonio Spurs,96.0,Phoenix Suns,116.0,Box Score,,"14,532",
808,100,7:30p,Detroit Pistons,106.0,Toronto Raptors,104.0,Box Score,,"19,800",
809,101,7:00p,Cleveland Cavaliers,95.0,Washington Wizards,119.0,Box Score,,"14,537",
810,102,9:00p,Atlanta Hawks,93.0,Denver Nuggets,138.0,Box Score,,"15,103",
811,103,8:00p,Golden State Warriors,86.0,Houston Rockets,107.0,Box Score,,"18,055",
812,104,10:30p,San Antonio Spurs,111.0,Los Angeles Clippers,116.0,Box Score,,"17,463",
813,105,7:00p,Toronto Raptors,116.0,Boston Celtics,123.0,Box Score,OT,"18,624",
814,106,7:00p,Miami Heat,91.0,Indiana Pacers,99.0,Box Score,,"17,923",
815,107,8:00p,Sacramento Kings,104.0,Memphis Grizzlies,112.0,Box Score,,"13,811",
816,108,9:30p,Chicago Bulls,104.0,Milwaukee Bucks,123.0,Box Score,,"17,341",
817,109,8:00p,Portland Trail Blazers,96.0,Minnesota Timberwolves,112.0,Box Score,,"18,978",
818,110,8:00p,New York Knicks,124.0,New Orleans Pelicans,129.0,Box Score,,"14,717",
819,111,7:00p,Utah Jazz,107.0,Philadelphia 76ers,113.0,Box Score,,"20,485",
820,112,7:00p,Brooklyn Nets,115.0,Washington Wizards,104.0,Box Score,,"15,102",
821,113,7:30p,Utah Jazz,98.0,Boston Celtics,86.0,Box Score,,"18,624",
822,114,6:00p,Los Angeles Clippers,127.0,Brooklyn Nets,119.0,Box Score,,"12,944",
823,115,8:00p,Toronto Raptors,122.0,Chicago Bulls,83.0,Box Score,,"21,263",
824,116,7:00p,Philadelphia 76ers,122.0,Charlotte Hornets,119.0,Box Score,OT,"19,426",
825,117,8:30p,Golden State Warriors,109.0,Dallas Mavericks,112.0,Box Score,,"20,260",
826,118,8:00p,Sacramento Kings,112.0,Houston Rockets,132.0,Box Score,,"18,055",
827,119,7:00p,Atlanta Hawks,89.0,Indiana Pacers,97.0,Box Score,,"17,491",
828,120,7:00p,Denver Nuggets,115.0,New Orleans Pelicans,125.0,Box Score,,"15,408",
829,121,7:00p,Los Angeles Lakers,117.0,Orlando Magic,130.0,Box Score,,"19,249",
830,122,9:00p,Oklahoma City Thunder,110.0,Phoenix Suns,100.0,Box Score,,"16,376",
831,123,6:00p,Los Angeles Lakers,113.0,Miami Heat,97.0,Box Score,,"19,686",
832,124,3:30p,Memphis Grizzlies,100.0,Minnesota Timberwolves,87.0,Box Score,,"13,179",
833,125,6:00p,New York Knicks,117.0,Orlando Magic,131.0,Box Score,,"15,898",
834,126,7:00p,Golden State Warriors,92.0,San Antonio Spurs,104.0,Box Score,,"18,354",
835,127,6:00p,Portland Trail Blazers,119.0,Washington Wizards,109.0,Box Score,,"16,647",
836,128,7:30p,Los Angeles Clippers,127.0,Atlanta Hawks,119.0,Box Score,,"14,323",
837,129,7:00p,Boston Celtics,112.0,Charlotte Hornets,117.0,Box Score,,"18,040",
838,130,7:00p,Cleveland Cavaliers,102.0,Detroit Pistons,113.0,Box Score,,"15,769",
839,131,7:00p,Utah Jazz,94.0,Indiana Pacers,121.0,Box Score,,"17,000",
840,132,8:00p,Dallas Mavericks,88.0,Memphis Grizzlies,98.0,Box Score,,"15,997",
841,133,8:00p,Denver Nuggets,98.0,Milwaukee Bucks,104.0,Box Score,,"17,341",
842,134,8:00p,San Antonio Spurs,126.0,New Orleans Pelicans,140.0,Box Score,,"14,675",
843,135,7:00p,Phoenix Suns,114.0,Philadelphia 76ers,119.0,Box Score,,"20,459",
844,136,10:00p,Oklahoma City Thunder,113.0,Sacramento Kings,117.0,Box Score,,"16,250",
845,137,7:30p,Brooklyn Nets,104.0,Miami Heat,92.0,Box Score,,"19,600",
846,138,7:30p,Portland Trail Blazers,118.0,New York Knicks,114.0,Box Score,,"19,812",
847,139,7:00p,Toronto Raptors,93.0,Orlando Magic,91.0,Box Score,,"16,016",
848,140,7:00p,Los Angeles Clippers,118.0,Washington Wizards,125.0,Box Score,,"14,499",
849,141,7:30p,Toronto Raptors,124.0,Atlanta Hawks,108.0,Box Score,,"15,058",
850,142,7:30p,New York Knicks,117.0,Boston Celtics,109.0,Box Score,,"18,624",
851,143,8:00p,Phoenix Suns,116.0,Chicago Bulls,124.0,Box Score,,"19,014",
852,144,7:00p,Indiana Pacers,109.0,Charlotte Hornets,127.0,Box Score,,"15,913",
853,145,8:00p,Los Angeles Lakers,109.0,Cleveland Cavaliers,105.0,Box Score,,"19,432",
854,146,8:30p,Brooklyn Nets,113.0,Dallas Mavericks,119.0,Box Score,,"19,926",
855,147,10:30p,Oklahoma City Thunder,123.0,Golden State Warriors,95.0,Box Score,,"19,596",
856,148,8:00p,Detroit Pistons,124.0,Houston Rockets,126.0,Box Score,,"18,055",
857,149,8:00p,Portland Trail Blazers,100.0,Milwaukee Bucks,143.0,Box Score,,"17,591",
858,150,8:00p,Denver Nuggets,103.0,Minnesota Timberwolves,101.0,Box Score,,"15,086",
859,151,7:00p,New Orleans Pelicans,120.0,Philadelphia 76ers,121.0,Box Score,,"20,352",
860,152,8:30p,Memphis Grizzlies,104.0,San Antonio Spurs,103.0,Box Score,,"18,354",
861,153,9:00p,Sacramento Kings,119.0,Utah Jazz,110.0,Box Score,,"18,306",
862,154,7:30p,Boston Celtics,114.0,Atlanta Hawks,96.0,Box Score,,"15,017",
863,155,12:00p,Minnesota Timberwolves,112.0,Brooklyn Nets,102.0,Box Score,,"12,814",
864,156,8:00p,Miami Heat,103.0,Chicago Bulls,96.0,Box Score,,"20,935",
865,157,9:00p,Orlando Magic,87.0,Denver Nuggets,112.0,Box Score,,"19,520",
866,158,7:00p,Houston Rockets,111.0,Detroit Pistons,116.0,Box Score,OT,"17,268",
867,159,10:30p,Portland Trail Blazers,97.0,Golden State Warriors,125.0,Box Score,,"19,596",
868,160,8:00p,San Antonio Spurs,111.0,Indiana Pacers,100.0,Box Score,,"17,262",
869,161,3:30p,Memphis Grizzlies,107.0,Los Angeles Clippers,112.0,Box Score,OT,"15,418",
870,162,10:30p,Utah Jazz,83.0,Los Angeles Lakers,90.0,Box Score,,"18,997",
871,163,8:30p,Phoenix Suns,116.0,Milwaukee Bucks,114.0,Box Score,,"17,852",
872,164,7:30p,New Orleans Pelicans,109.0,New York Knicks,114.0,Box Score,,"18,948",
873,165,8:00p,Charlotte Hornets,104.0,Oklahoma City Thunder,109.0,Box Score,,"18,203",
874,166,7:30p,Cleveland Cavaliers,121.0,Philadelphia 76ers,112.0,Box Score,,"20,524",
875,167,7:30p,Washington Wizards,107.0,Toronto Raptors,125.0,Box Score,,"19,800",
876,168,7:30p,Houston Rockets,108.0,Cleveland Cavaliers,117.0,Box Score,,"19,432",
877,169,8:30p,Boston Celtics,104.0,Dallas Mavericks,113.0,Box Score,,"20,226",
878,170,8:30p,Sacramento Kings,116.0,Golden State Warriors,117.0,Box Score,,"19,596",
879,171,8:30p,San Antonio Spurs,129.0,Milwaukee Bucks,135.0,Box Score,,"17,559",
880,172,8:00p,Chicago Bulls,96.0,Minnesota Timberwolves,111.0,Box Score,,"17,119",
881,173,8:00p,Denver Nuggets,105.0,Oklahoma City Thunder,98.0,Box Score,,"18,203",
882,174,8:00p,New Orleans Pelicans,114.0,Washington Wizards,124.0,Box Score,,"15,165",
883,175,6:00p,Charlotte Hornets,123.0,Atlanta Hawks,124.0,Box Score,,"12,977",
884,176,6:00p,Philadelphia 76ers,127.0,Brooklyn Nets,125.0,Box Score,,"15,217",
885,177,4:00p,Phoenix Suns,107.0,Detroit Pistons,118.0,Box Score,,"14,413",
886,178,3:30p,Orlando Magic,108.0,Los Angeles Lakers,104.0,Box Score,,"18,997",
887,179,6:00p,New York Knicks,103.0,Memphis Grizzlies,98.0,Box Score,,"14,331",
888,180,9:00p,Los Angeles Clippers,104.0,Portland Trail Blazers,100.0,Box Score,,"19,138",
889,181,8:00p,Utah Jazz,133.0,Sacramento Kings,112.0,Box Score,,"16,048",
890,182,6:00p,Miami Heat,115.0,Toronto Raptors,125.0,Box Score,,"19,800",
891,183,8:00p,San Antonio Spurs,108.0,Chicago Bulls,107.0,Box Score,,"19,006",
892,184,7:00p,Milwaukee Bucks,107.0,Charlotte Hornets,110.0,Box Score,,"13,805",
893,185,7:00p,Minnesota Timberwolves,102.0,Cleveland Cavaliers,95.0,Box Score,,"19,432",
894,186,10:30p,Orlando Magic,110.0,Golden State Warriors,116.0,Box Score,,"19,596",
895,187,8:00p,Boston Celtics,124.0,New Orleans Pelicans,107.0,Box Score,,"15,189",
896,188,9:00p,Indiana Pacers,121.0,Utah Jazz,88.0,Box Score,,"18,306",
897,189,7:00p,Houston Rockets,131.0,Washington Wizards,135.0,Box Score,OT,"16,872",
898,190,9:00p,Los Angeles Lakers,85.0,Denver Nuggets,117.0,Box Score,,"19,583",
899,191,7:00p,New York Knicks,108.0,Detroit Pistons,115.0,Box Score,,"13,935",
900,192,8:00p,Toronto Raptors,122.0,Memphis Grizzlies,114.0,Box Score,,"14,187",
901,193,7:30p,Atlanta Hawks,115.0,Miami Heat,113.0,Box Score,,"19,600",
902,194,9:00p,Indiana Pacers,109.0,Phoenix Suns,104.0,Box Score,,"13,038",
903,195,7:30p,Utah Jazz,101.0,Brooklyn Nets,91.0,Box Score,,"12,928",
904,196,7:00p,Atlanta Hawks,94.0,Charlotte Hornets,108.0,Box Score,,"12,971",
905,197,8:00p,Dallas Mavericks,128.0,Houston Rockets,108.0,Box Score,,"18,055",
906,198,10:30p,Phoenix Suns,99.0,Los Angeles Clippers,115.0,Box Score,,"16,372",
907,199,8:00p,Chicago Bulls,113.0,Milwaukee Bucks,116.0,Box Score,,"16,660",
908,200,8:00p,San Antonio Spurs,89.0,Minnesota Timberwolves,128.0,Box Score,,"11,023",
909,201,8:00p,Washington Wizards,104.0,New Orleans Pelicans,125.0,Box Score,,"13,570",
910,202,8:00p,Cleveland Cavaliers,83.0,Oklahoma City Thunder,100.0,Box Score,,"18,203",
911,203,7:00p,New York Knicks,91.0,Philadelphia 76ers,117.0,Box Score,,"20,274",
912,204,10:00p,Orlando Magic,112.0,Portland Trail Blazers,115.0,Box Score,,"18,865",
913,205,10:30p,Indiana Pacers,96.0,Los Angeles Lakers,104.0,Box Score,,"18,997",
914,206,10:30p,Los Angeles Clippers,133.0,Sacramento Kings,121.0,Box Score,,"17,583",
915,207,8:00p,Golden State Warriors,128.0,Toronto Raptors,131.0,Box Score,OT,"20,073",
916,208,7:00p,Cleveland Cavaliers,95.0,Boston Celtics,128.0,Box Score,,"18,624",
917,209,7:30p,Memphis Grizzlies,131.0,Brooklyn Nets,125.0,Box Score,2OT,"12,983",
918,210,7:00p,Utah Jazz,119.0,Charlotte Hornets,111.0,Box Score,,"15,812",
919,211,7:00p,Chicago Bulls,88.0,Detroit Pistons,107.0,Box Score,,"15,372",
920,212,10:30p,Dallas Mavericks,103.0,Los Angeles Lakers,114.0,Box Score,,"18,997",
921,213,8:00p,New Orleans Pelicans,101.0,Miami Heat,106.0,Box Score,,"19,600",
922,214,8:00p,Atlanta Hawks,109.0,Oklahoma City Thunder,124.0,Box Score,,"18,203",
923,215,7:00p,Washington Wizards,98.0,Philadelphia 76ers,123.0,Box Score,,"20,400",
924,216,9:00p,Orlando Magic,99.0,Phoenix Suns,85.0,Box Score,,"13,228",
925,217,10:30p,Denver Nuggets,113.0,Portland Trail Blazers,112.0,Box Score,,"19,459",
926,218,8:00p,Houston Rockets,136.0,San Antonio Spurs,105.0,Box Score,,"18,354",
927,0,7:30p,Chicago Bulls,168.0,Atlanta Hawks,161.0,Box Score,4OT,"15,267",
928,1,8:00p,Washington Wizards,96.0,Boston Celtics,107.0,Box Score,,"18,624",
929,2,7:30p,Charlotte Hornets,123.0,Brooklyn Nets,112.0,Box Score,,"15,578",
930,3,10:30p,Milwaukee Bucks,131.0,Los Angeles Lakers,120.0,Box Score,,"18,997",
931,4,9:00p,New Orleans Pelicans,130.0,Phoenix Suns,116.0,Box Score,,"14,123",
932,5,10:00p,Los Angeles Clippers,116.0,Sacramento Kings,109.0,Box Score,,"17,583",
933,6,8:00p,Portland Trail Blazers,117.0,Toronto Raptors,119.0,Box Score,,"19,800",
934,7,5:00p,Detroit Pistons,129.0,Cleveland Cavaliers,93.0,Box Score,,"19,432",
935,8,8:30p,Memphis Grizzlies,111.0,Dallas Mavericks,81.0,Box Score,,"20,233",
936,9,9:00p,New Orleans Pelicans,120.0,Denver Nuggets,112.0,Box Score,,"19,978",
937,10,7:00p,Orlando Magic,117.0,Indiana Pacers,112.0,Box Score,,"17,923",
938,11,7:30p,Brooklyn Nets,88.0,Miami Heat,117.0,Box Score,,"19,600",
939,12,8:30p,Golden State Warriors,120.0,Philadelphia 76ers,117.0,Box Score,,"20,624",
940,13,9:00p,Los Angeles Lakers,109.0,Phoenix Suns,118.0,Box Score,,"18,055",
941,14,8:30p,Oklahoma City Thunder,102.0,San Antonio Spurs,116.0,Box Score,,"18,439",
942,15,9:00p,Milwaukee Bucks,111.0,Utah Jazz,115.0,Box Score,,"18,306",
943,16,3:30p,Houston Rockets,115.0,Boston Celtics,104.0,Box Score,,"18,624",
944,17,3:30p,Atlanta Hawks,123.0,Chicago Bulls,118.0,Box Score,,"20,526",
945,18,1:00p,Portland Trail Blazers,118.0,Charlotte Hornets,108.0,Box Score,,"18,355",
946,19,6:00p,Orlando Magic,93.0,Cleveland Cavaliers,107.0,Box Score,,"19,432",
947,20,6:00p,Toronto Raptors,107.0,Detroit Pistons,112.0,Box Score,OT,"19,161",
948,21,3:30p,New York Knicks,107.0,Los Angeles Clippers,128.0,Box Score,,"19,068",
949,22,7:00p,Memphis Grizzlies,95.0,Oklahoma City Thunder,99.0,Box Score,,"18,203",
950,23,6:00p,Minnesota Timberwolves,121.0,Washington Wizards,135.0,Box Score,,"17,869",
951,24,7:30p,Dallas Mavericks,88.0,Brooklyn Nets,127.0,Box Score,,"17,064",
952,25,10:30p,Los Angeles Clippers,113.0,Los Angeles Lakers,105.0,Box Score,,"18,997",
953,26,7:30p,Atlanta Hawks,113.0,Miami Heat,114.0,Box Score,,"19,600",
954,27,9:00p,Milwaukee Bucks,105.0,Phoenix Suns,114.0,Box Score,,"18,055",
955,28,10:00p,New York Knicks,108.0,Sacramento Kings,115.0,Box Score,,"17,034",
956,29,8:30p,Denver Nuggets,103.0,San Antonio Spurs,104.0,Box Score,,"18,354",
957,30,9:00p,New Orleans Pelicans,115.0,Utah Jazz,112.0,Box Score,,"18,306",
958,31,10:30p,Boston Celtics,128.0,Golden State Warriors,95.0,Box Score,,"19,596",
959,32,7:00p,Chicago Bulls,96.0,Indiana Pacers,105.0,Box Score,,"15,753",
960,33,8:00p,Portland Trail Blazers,111.0,Memphis Grizzlies,120.0,Box Score,,"13,801",
961,34,8:00p,Oklahoma City Thunder,120.0,Minnesota Timberwolves,131.0,Box Score,,"15,728",
962,35,7:00p,Orlando Magic,106.0,Philadelphia 76ers,114.0,Box Score,,"20,379",
963,36,8:00p,Houston Rockets,107.0,Toronto Raptors,95.0,Box Score,,"19,800",
964,37,7:30p,San Antonio Spurs,111.0,Atlanta Hawks,104.0,Box Score,,"15,208",
965,38,7:30p,Cleveland Cavaliers,107.0,Brooklyn Nets,113.0,Box Score,,"14,177",
966,39,8:00p,Philadelphia 76ers,107.0,Chicago Bulls,108.0,Box Score,,"19,927",
967,40,7:00p,Miami Heat,91.0,Charlotte Hornets,84.0,Box Score,,"18,137",
968,41,7:00p,Minnesota Timberwolves,114.0,Detroit Pistons,131.0,Box Score,,"15,240",
969,42,10:30p,Denver Nuggets,115.0,Los Angeles Lakers,99.0,Box Score,,"18,997",
970,43,8:00p,Utah Jazz,114.0,New Orleans Pelicans,104.0,Box Score,,"14,681",
971,44,9:00p,New York Knicks,96.0,Phoenix Suns,107.0,Box Score,,"14,427",
972,45,10:00p,Boston Celtics,111.0,Sacramento Kings,109.0,Box Score,,"17,583",
973,46,7:00p,Dallas Mavericks,123.0,Washington Wizards,132.0,Box Score,,"16,867",
974,47,8:00p,Indiana Pacers,98.0,Milwaukee Bucks,117.0,Box Score,,"17,884",
975,48,10:30p,Oklahoma City Thunder,129.0,Portland Trail Blazers,121.0,Box Score,OT,"20,037",
976,49,8:00p,Detroit Pistons,112.0,Chicago Bulls,104.0,Box Score,,"21,048",
977,50,7:00p,Washington Wizards,111.0,Charlotte Hornets,112.0,Box Score,,"18,144",
978,51,10:30p,Denver Nuggets,105.0,Golden State Warriors,122.0,Box Score,,"19,596",
979,52,8:00p,Philadelphia 76ers,91.0,Houston Rockets,107.0,Box Score,,"18,055",
980,53,10:30p,Oklahoma City Thunder,110.0,Los Angeles Clippers,118.0,Box Score,,"17,915",
981,54,8:00p,Utah Jazz,104.0,Memphis Grizzlies,114.0,Box Score,,"15,407",
982,55,8:00p,Cleveland Cavaliers,110.0,Miami Heat,126.0,Box Score,,"19,600",
983,56,8:00p,Toronto Raptors,127.0,New Orleans Pelicans,104.0,Box Score,,"17,325",
984,57,7:00p,Dallas Mavericks,106.0,Orlando Magic,111.0,Box Score,,"19,196",
985,58,7:00p,Brooklyn Nets,114.0,Atlanta Hawks,112.0,Box Score,,"16,527",
986,59,8:30p,Boston Celtics,120.0,Los Angeles Lakers,107.0,Box Score,,"18,997",
987,60,9:00p,Charlotte Hornets,114.0,Milwaukee Bucks,131.0,Box Score,,"17,996",
988,61,8:00p,Washington Wizards,130.0,Minnesota Timberwolves,135.0,Box Score,OT,"14,381",
989,62,12:00p,Sacramento Kings,102.0,New York Knicks,94.0,Box Score,,"19,812",
990,63,10:00p,Phoenix Suns,120.0,Portland Trail Blazers,127.0,Box Score,,"19,851",
991,64,6:00p,New Orleans Pelicans,116.0,Atlanta Hawks,128.0,Box Score,,"14,337",
992,65,7:00p,Houston Rockets,94.0,Dallas Mavericks,93.0,Box Score,,"20,423",
993,66,12:00p,Chicago Bulls,108.0,Detroit Pistons,131.0,Box Score,,"19,356",
994,67,8:30p,Phoenix Suns,115.0,Golden State Warriors,111.0,Box Score,,"19,596",
995,68,6:00p,Orlando Magic,97.0,Memphis Grizzlies,105.0,Box Score,,"16,627",
996,69,3:30p,Toronto Raptors,125.0,Miami Heat,104.0,Box Score,,"19,600",
997,70,8:00p,New York Knicks,92.0,Minnesota Timberwolves,103.0,Box Score,,"13,806",
998,71,3:30p,Indiana Pacers,89.0,Philadelphia 76ers,106.0,Box Score,,"20,636",
999,72,8:00p,Milwaukee Bucks,114.0,San Antonio Spurs,121.0,Box Score,,"18,594",
1000,73,7:30p,Detroit Pistons,75.0,Brooklyn Nets,103.0,Box Score,,"17,732",
1001,74,7:00p,Toronto Raptors,101.0,Cleveland Cavaliers,126.0,Box Score,,"19,432",
1002,75,8:00p,Charlotte Hornets,106.0,Houston Rockets,118.0,Box Score,,"18,055",
1003,76,10:30p,Boston Celtics,115.0,Los Angeles Clippers,140.0,Box Score,,"19,068",
1004,77,9:00p,Oklahoma City Thunder,98.0,Utah Jazz,89.0,Box Score,,"18,306",
1005,78,7:00p,Sacramento Kings,115.0,Washington Wizards,121.0,Box Score,,"15,012",
1006,79,8:00p,Los Angeles Lakers,123.0,Chicago Bulls,107.0,Box Score,,"21,359",
1007,80,8:00p,San Antonio Spurs,112.0,Dallas Mavericks,105.0,Box Score,,"20,366",
1008,81,10:30p,Minnesota Timberwolves,107.0,Denver Nuggets,133.0,Box Score,,"16,874",
1009,82,7:00p,New York Knicks,98.0,Indiana Pacers,103.0,Box Score,,"16,679",
1010,83,10:30p,Portland Trail Blazers,125.0,Los Angeles Clippers,104.0,Box Score,,"16,686",
1011,84,8:00p,Milwaukee Bucks,130.0,New Orleans Pelicans,113.0,Box Score,,"15,562",
1012,85,7:00p,Cleveland Cavaliers,99.0,Philadelphia 76ers,106.0,Box Score,,"20,420",
1013,86,7:30p,Memphis Grizzlies,111.0,Atlanta Hawks,132.0,Box Score,,"15,169",
1014,87,9:30p,Golden State Warriors,106.0,Houston Rockets,104.0,Box Score,,"18,122",
1015,88,7:30p,Detroit Pistons,74.0,Miami Heat,108.0,Box Score,,"19,600",
1016,89,7:00p,Brooklyn Nets,96.0,Oklahoma City Thunder,108.0,Box Score,,"18,203",
1017,90,10:00p,Utah Jazz,114.0,Phoenix Suns,97.0,Box Score,,"18,055",
1018,91,7:00p,Orlando Magic,90.0,Washington Wizards,100.0,Box Score,,"15,107",
1019,92,7:30p,Sacramento Kings,120.0,Boston Celtics,126.0,Box Score,,"18,624",
1020,93,10:30p,Dallas Mavericks,99.0,Denver Nuggets,100.0,Box Score,,"19,520",
1021,94,7:00p,Oklahoma City Thunder,106.0,Indiana Pacers,108.0,Box Score,,"16,656",
1022,95,7:00p,Cleveland Cavaliers,91.0,Orlando Magic,120.0,Box Score,,"18,091",
1023,96,8:00p,Los Angeles Lakers,98.0,Toronto Raptors,111.0,Box Score,,"19,962",
1024,97,9:00p,Minnesota Timberwolves,100.0,Utah Jazz,120.0,Box Score,,"18,306",
1025,98,7:00p,Los Angeles Lakers,97.0,Detroit Pistons,111.0,Box Score,,"20,768",
1026,99,8:00p,Phoenix Suns,102.0,Houston Rockets,108.0,Box Score,,"18,055",
1027,100,10:30p,Chicago Bulls,121.0,Los Angeles Clippers,128.0,Box Score,,"17,404",
1028,101,8:00p,Milwaukee Bucks,113.0,Miami Heat,98.0,Box Score,,"19,600",
1029,102,8:00p,Portland Trail Blazers,122.0,New Orleans Pelicans,110.0,Box Score,,"16,117",
1030,103,7:00p,Sacramento Kings,114.0,Philadelphia 76ers,123.0,Box Score,,"20,704",
1031,104,8:30p,New York Knicks,83.0,San Antonio Spurs,109.0,Box Score,,"18,354",
1032,105,7:00p,Charlotte Hornets,116.0,Washington Wizards,110.0,Box Score,,"19,520",
1033,106,12:30p,Atlanta Hawks,120.0,Boston Celtics,129.0,Box Score,,"18,624",
1034,107,8:30p,Cleveland Cavaliers,116.0,Dallas Mavericks,121.0,Box Score,,"20,347",
1035,108,9:00p,Indiana Pacers,100.0,Denver Nuggets,102.0,Box Score,,"19,856",
1036,109,7:00p,Phoenix Suns,138.0,New Orleans Pelicans,136.0,Box Score,OT,"17,641",
1037,110,8:30p,Golden State Warriors,110.0,Oklahoma City Thunder,88.0,Box Score,,"18,203",
1038,111,8:30p,Portland Trail Blazers,103.0,San Antonio Spurs,108.0,Box Score,,"18,354",
1039,112,9:00p,Brooklyn Nets,98.0,Utah Jazz,114.0,Box Score,,"18,306",
1040,113,7:00p,Memphis Grizzlies,128.0,Washington Wizards,135.0,Box Score,,"19,750",
1041,114,4:00p,Toronto Raptors,107.0,Detroit Pistons,110.0,Box Score,,"19,277",
1042,115,9:00p,Minnesota Timberwolves,102.0,Houston Rockets,117.0,Box Score,,"18,055",
1043,116,9:00p,Brooklyn Nets,116.0,Los Angeles Clippers,119.0,Box Score,,"17,247",
1044,117,1:00p,Charlotte Hornets,75.0,Miami Heat,93.0,Box Score,,"19,600",
1045,118,3:30p,Philadelphia 76ers,130.0,Milwaukee Bucks,125.0,Box Score,,"18,148",
1046,119,12:00p,Los Angeles Lakers,123.0,New York Knicks,124.0,Box Score,,"19,812",
1047,120,6:00p,Atlanta Hawks,91.0,Orlando Magic,101.0,Box Score,,"18,045",
1048,121,6:00p,Chicago Bulls,102.0,Sacramento Kings,129.0,Box Score,,"17,583",
1049,122,7:30p,Denver Nuggets,114.0,Boston Celtics,105.0,Box Score,,"18,624",
1050,123,7:00p,Detroit Pistons,119.0,Cleveland Cavaliers,126.0,Box Score,,"18,465",
1051,124,8:30p,New Orleans Pelicans,129.0,Dallas Mavericks,125.0,Box Score,OT,"20,276",
1052,125,8:00p,Miami Heat,116.0,Oklahoma City Thunder,107.0,Box Score,,"18,203",
1053,126,10:00p,Chicago Bulls,116.0,Phoenix Suns,101.0,Box Score,,"15,879",
1054,127,10:30p,Indiana Pacers,98.0,Portland Trail Blazers,106.0,Box Score,,"19,393",
1055,128,8:00p,Golden State Warriors,105.0,San Antonio Spurs,111.0,Box Score,,"18,354",
1056,129,7:30p,New York Knicks,92.0,Toronto Raptors,128.0,Box Score,,"19,800",
1057,130,7:00p,Utah Jazz,116.0,Washington Wizards,95.0,Box Score,,"15,637",
1058,131,7:30p,Houston Rockets,121.0,Atlanta Hawks,105.0,Box Score,,"16,293",
1059,132,7:00p,Philadelphia 76ers,118.0,Charlotte Hornets,114.0,Box Score,,"16,411",
1060,133,10:30p,Indiana Pacers,109.0,Los Angeles Clippers,115.0,Box Score,,"16,043",
1061,134,8:00p,Los Angeles Lakers,101.0,Milwaukee Bucks,115.0,Box Score,,"17,879",
1062,135,8:00p,Golden State Warriors,117.0,Minnesota Timberwolves,107.0,Box Score,,"17,964",
1063,136,10:00p,Brooklyn Nets,123.0,Sacramento Kings,121.0,Box Score,,"17,583",
1064,137,8:00p,Washington Wizards,120.0,Chicago Bulls,126.0,Box Score,OT,"19,470",
1065,138,7:00p,Milwaukee Bucks,102.0,Cleveland Cavaliers,107.0,Box Score,,"19,432",
1066,139,8:00p,Houston Rockets,125.0,Memphis Grizzlies,126.0,Box Score,OT,"16,691",
1067,140,7:30p,Utah Jazz,137.0,New York Knicks,116.0,Box Score,,"18,530",
1068,141,9:30p,Toronto Raptors,123.0,Oklahoma City Thunder,114.0,Box Score,OT,"18,203",
1069,142,7:00p,New Orleans Pelicans,96.0,Orlando Magic,119.0,Box Score,,"17,005",
1070,143,7:00p,Boston Celtics,115.0,Philadelphia 76ers,118.0,Box Score,,"20,606",
1071,144,10:00p,Dallas Mavericks,118.0,Portland Trail Blazers,126.0,Box Score,,"19,803",
1072,145,8:30p,Miami Heat,110.0,San Antonio Spurs,105.0,Box Score,,"18,354",
1073,146,7:30p,Utah Jazz,114.0,Atlanta Hawks,117.0,Box Score,,"15,569",
1074,147,7:00p,Minnesota Timberwolves,106.0,Charlotte Hornets,113.0,Box Score,,"15,576",
1075,148,10:30p,Indiana Pacers,89.0,Golden State Warriors,112.0,Box Score,,"19,596",
1076,149,10:00p,Detroit Pistons,118.0,Phoenix Suns,98.0,Box Score,,"16,066",
1077,150,10:00p,Dallas Mavericks,100.0,Sacramento Kings,116.0,Box Score,,"17,583",
1078,151,7:00p,Denver Nuggets,113.0,Washington Wizards,108.0,Box Score,,"15,986",
1079,152,7:30p,Los Angeles Clippers,110.0,Cleveland Cavaliers,108.0,Box Score,,"19,432",
1080,153,8:00p,San Antonio Spurs,105.0,Houston Rockets,111.0,Box Score,,"18,055",
1081,154,10:30p,Brooklyn Nets,111.0,Los Angeles Lakers,106.0,Box Score,,"18,997",
1082,155,8:30p,Miami Heat,87.0,Milwaukee Bucks,116.0,Box Score,,"18,094",
1083,156,7:30p,Denver Nuggets,111.0,New York Knicks,93.0,Box Score,,"19,290",
1084,157,7:00p,Memphis Grizzlies,119.0,Orlando Magic,123.0,Box Score,OT,"18,025",
1085,158,7:30p,Oklahoma City Thunder,116.0,Toronto Raptors,109.0,Box Score,,"20,014",
1086,159,7:30p,Philadelphia 76ers,127.0,Atlanta Hawks,129.0,Box Score,,"16,640",
1087,160,8:00p,Utah Jazz,114.0,Chicago Bulls,83.0,Box Score,,"20,506",
1088,161,6:00p,Boston Celtics,117.0,Charlotte Hornets,124.0,Box Score,,"19,438",
1089,162,8:30p,Dallas Mavericks,126.0,Golden State Warriors,91.0,Box Score,,"19,596",
1090,163,8:00p,Minnesota Timberwolves,112.0,Memphis Grizzlies,99.0,Box Score,,"16,977",
1091,164,10:00p,Detroit Pistons,112.0,Portland Trail Blazers,117.0,Box Score,,"19,815",
1092,165,10:00p,Phoenix Suns,103.0,Sacramento Kings,112.0,Box Score,,"17,583",
1093,166,7:00p,Miami Heat,113.0,Washington Wizards,108.0,Box Score,,"20,409",
1094,167,7:30p,San Antonio Spurs,115.0,Boston Celtics,96.0,Box Score,,"18,624",
1095,168,8:30p,Detroit Pistons,114.0,Golden State Warriors,121.0,Box Score,,"19,596",
1096,169,5:00p,Denver Nuggets,88.0,Indiana Pacers,124.0,Box Score,,"17,923",
1097,170,9:30p,Sacramento Kings,106.0,Los Angeles Lakers,111.0,Box Score,,"18,997",
1098,171,4:30p,Cleveland Cavaliers,105.0,Milwaukee Bucks,127.0,Box Score,,"17,930",
1099,172,7:00p,Houston Rockets,113.0,New Orleans Pelicans,90.0,Box Score,,"17,048",
1100,173,12:00p,Los Angeles Clippers,124.0,New York Knicks,113.0,Box Score,,"18,263",
1101,174,6:00p,Charlotte Hornets,115.0,Toronto Raptors,114.0,Box Score,,"19,800",
1102,175,8:00p,Oklahoma City Thunder,103.0,Memphis Grizzlies,115.0,Box Score,,"15,144",
1103,176,7:00p,Philadelphia 76ers,98.0,Orlando Magic,119.0,Box Score,,"16,848",
1104,177,10:00p,Brooklyn Nets,144.0,Portland Trail Blazers,148.0,Box Score,2OT,"20,188",
1105,178,9:00p,Phoenix Suns,92.0,Utah Jazz,125.0,Box Score,,"18,306",
1106,179,7:00p,San Antonio Spurs,116.0,Charlotte Hornets,125.0,Box Score,OT,"14,227",
1107,180,7:00p,Boston Celtics,116.0,Cleveland Cavaliers,106.0,Box Score,,"19,432",
1108,181,8:30p,Sacramento Kings,125.0,Dallas Mavericks,121.0,Box Score,,"20,168",
1109,182,9:00p,Detroit Pistons,92.0,Denver Nuggets,95.0,Box Score,,"19,520",
1110,183,10:30p,Washington Wizards,106.0,Los Angeles Lakers,124.0,Box Score,,"18,997",
1111,184,7:30p,Orlando Magic,104.0,Miami Heat,99.0,Box Score,,"19,704",
1112,185,8:00p,Houston Rockets,94.0,Milwaukee Bucks,108.0,Box Score,,"17,910",
1113,186,8:00p,Los Angeles Clippers,122.0,Minnesota Timberwolves,111.0,Box Score,,"13,176",
1114,187,8:00p,Atlanta Hawks,130.0,New Orleans Pelicans,120.0,Box Score,,"14,751",
1115,188,7:30p,Chicago Bulls,103.0,Toronto Raptors,112.0,Box Score,,"19,800",
1116,189,8:00p,Portland Trail Blazers,118.0,Chicago Bulls,98.0,Box Score,,"20,227",
1117,190,8:00p,Golden State Warriors,118.0,Memphis Grizzlies,103.0,Box Score,,"17,794",
1118,191,8:00p,Indiana Pacers,99.0,Oklahoma City Thunder,107.0,Box Score,,"18,203",
1119,192,10:00p,Washington Wizards,124.0,Phoenix Suns,121.0,Box Score,,"16,004",
1120,193,10:30p,Los Angeles Lakers,100.0,Utah Jazz,115.0,Box Score,,"18,306",
1121,194,7:00p,Orlando Magic,98.0,Detroit Pistons,115.0,Box Score,,"18,128",
1122,195,8:00p,Denver Nuggets,85.0,Houston Rockets,112.0,Box Score,,"18,055",
1123,196,7:30p,Dallas Mavericks,99.0,Miami Heat,105.0,Box Score,,"19,851",
1124,197,8:00p,Los Angeles Clippers,118.0,Milwaukee Bucks,128.0,Box Score,,"17,922",
1125,198,8:00p,Sacramento Kings,118.0,New Orleans Pelicans,121.0,Box Score,,"13,976",
1126,199,7:30p,Toronto Raptors,117.0,New York Knicks,92.0,Box Score,,"19,812",
1127,200,7:00p,Brooklyn Nets,110.0,Philadelphia 76ers,123.0,Box Score,,"20,547",
1128,201,8:30p,Cleveland Cavaliers,110.0,San Antonio Spurs,116.0,Box Score,,"18,756",
1129,202,7:30p,Portland Trail Blazers,118.0,Atlanta Hawks,98.0,Box Score,,"16,182",
1130,203,7:00p,Indiana Pacers,112.0,Boston Celtics,114.0,Box Score,,"18,624",
1131,204,10:30p,Charlotte Hornets,115.0,Los Angeles Lakers,129.0,Box Score,,"18,997",
1132,205,8:00p,Golden State Warriors,130.0,Minnesota Timberwolves,131.0,Box Score,OT,"18,978",
1133,206,8:00p,Denver Nuggets,115.0,Oklahoma City Thunder,105.0,Box Score,,"18,203",
1134,207,9:00p,Washington Wizards,124.0,Utah Jazz,128.0,Box Score,,"18,306",
1135,208,6:00p,Boston Celtics,96.0,Brooklyn Nets,110.0,Box Score,,"17,732",
1136,209,8:00p,Toronto Raptors,124.0,Chicago Bulls,101.0,Box Score,,"21,238",
1137,210,7:00p,Portland Trail Blazers,90.0,Detroit Pistons,99.0,Box Score,,"18,592",
1138,211,6:00p,Sacramento Kings,108.0,Houston Rockets,119.0,Box Score,,"18,055",
1139,212,7:00p,Orlando Magic,121.0,Indiana Pacers,116.0,Box Score,,"17,923",
1140,213,3:30p,Cleveland Cavaliers,108.0,Los Angeles Clippers,132.0,Box Score,,"16,439",
1141,214,8:00p,Philadelphia 76ers,118.0,Minnesota Timberwolves,109.0,Box Score,,"18,978",
1142,215,7:30p,Miami Heat,100.0,New York Knicks,92.0,Box Score,,"19,812",
1143,216,10:00p,Memphis Grizzlies,120.0,Phoenix Suns,115.0,Box Score,,"16,647",
1144,217,12:30p,Milwaukee Bucks,135.0,Atlanta Hawks,136.0,Box Score,OT,"16,660",
1145,218,8:00p,Washington Wizards,95.0,Denver Nuggets,90.0,Box Score,,"17,356",
1146,219,8:30p,Charlotte Hornets,90.0,Golden State Warriors,137.0,Box Score,,"19,596",
1147,220,10:30p,Memphis Grizzlies,96.0,Los Angeles Clippers,113.0,Box Score,,"16,740",
1148,221,6:00p,Los Angeles Lakers,130.0,New Orleans Pelicans,102.0,Box Score,,"18,562",
1149,222,3:30p,Dallas Mavericks,106.0,Oklahoma City Thunder,103.0,Box Score,,"18,203",
1150,223,7:00p,Sacramento Kings,113.0,San Antonio Spurs,106.0,Box Score,,"18,407",
1151,0,7:30p,Miami Heat,105.0,Boston Celtics,110.0,Box Score,,"18,624",
1152,1,7:30p,Milwaukee Bucks,131.0,Brooklyn Nets,121.0,Box Score,,"17,732",
1153,2,8:30p,Philadelphia 76ers,102.0,Dallas Mavericks,122.0,Box Score,,"19,645",
1154,3,7:00p,Detroit Pistons,102.0,Indiana Pacers,111.0,Box Score,,"15,760",
1155,4,8:00p,Portland Trail Blazers,132.0,Minnesota Timberwolves,122.0,Box Score,,"11,209",
1156,5,7:30p,Chicago Bulls,105.0,New York Knicks,113.0,Box Score,,"18,874",
1157,6,10:00p,Cleveland Cavaliers,113.0,Phoenix Suns,122.0,Box Score,,"14,050",
1158,7,7:30p,Orlando Magic,109.0,Toronto Raptors,121.0,Box Score,,"19,800",
1159,8,9:00p,Charlotte Hornets,102.0,Utah Jazz,111.0,Box Score,,"18,306",
1160,9,10:30p,Denver Nuggets,102.0,Golden State Warriors,116.0,Box Score,,"19,596",
1161,10,8:00p,Los Angeles Lakers,103.0,Oklahoma City Thunder,119.0,Box Score,,"18,203",
1162,11,10:00p,Houston Rockets,130.0,Sacramento Kings,105.0,Box Score,,"17,583",
1163,12,8:30p,Atlanta Hawks,111.0,San Antonio Spurs,117.0,Box Score,,"18,354",
1164,13,7:30p,Philadelphia 76ers,122.0,Atlanta Hawks,130.0,Box Score,,"16,638",
1165,14,7:30p,Toronto Raptors,115.0,Brooklyn Nets,105.0,Box Score,,"17,732",
1166,15,8:30p,Minnesota Timberwolves,110.0,Dallas Mavericks,108.0,Box Score,,"19,576",
1167,16,9:00p,San Antonio Spurs,85.0,Denver Nuggets,113.0,Box Score,,"17,643",
1168,17,7:00p,Indiana Pacers,108.0,Detroit Pistons,89.0,Box Score,,"18,984",
1169,18,10:30p,Houston Rockets,135.0,Los Angeles Clippers,103.0,Box Score,,"17,593",
1170,19,7:30p,Boston Celtics,112.0,Miami Heat,102.0,Box Score,,"19,904",
1171,20,8:00p,Charlotte Hornets,115.0,New Orleans Pelicans,109.0,Box Score,,"16,844",
1172,21,7:00p,New York Knicks,100.0,Orlando Magic,114.0,Box Score,,"18,846",
1173,22,10:00p,Utah Jazz,118.0,Phoenix Suns,97.0,Box Score,,"15,797",
1174,23,10:00p,Memphis Grizzlies,89.0,Portland Trail Blazers,116.0,Box Score,,"19,608",
1175,24,7:00p,Chicago Bulls,115.0,Washington Wizards,114.0,Box Score,,"16,616",
1176,25,10:30p,Golden State Warriors,108.0,Los Angeles Lakers,90.0,Box Score,,"18,997",
1177,26,8:00p,Milwaukee Bucks,128.0,Philadelphia 76ers,122.0,Box Score,,"20,701",
1178,27,10:00p,Cleveland Cavaliers,104.0,Sacramento Kings,117.0,Box Score,,"17,583",
1179,28,7:00p,Toronto Raptors,111.0,Charlotte Hornets,113.0,Box Score,,"18,684",
1180,29,8:30p,Memphis Grizzlies,122.0,Dallas Mavericks,112.0,Box Score,,"20,111",
1181,30,10:30p,Portland Trail Blazers,110.0,Denver Nuggets,119.0,Box Score,,"19,928",
1182,31,10:30p,Cleveland Cavaliers,114.0,Golden State Warriors,120.0,Box Score,,"19,596",
1183,32,8:00p,New York Knicks,96.0,Houston Rockets,120.0,Box Score,,"18,055",
1184,33,8:00p,Boston Celtics,117.0,Indiana Pacers,97.0,Box Score,,"17,371",
1185,34,10:30p,Los Angeles Lakers,122.0,Los Angeles Clippers,117.0,Box Score,,"17,910",
1186,35,8:00p,Miami Heat,109.0,Minnesota Timberwolves,111.0,Box Score,,"17,763",
1187,36,8:00p,Detroit Pistons,110.0,Oklahoma City Thunder,123.0,Box Score,,"18,203",
1188,37,7:00p,Atlanta Hawks,113.0,Orlando Magic,149.0,Box Score,,"18,999",
1189,38,10:00p,New Orleans Pelicans,126.0,Phoenix Suns,133.0,Box Score,OT,"16,410",
1190,39,9:00p,Sacramento Kings,98.0,Utah Jazz,119.0,Box Score,,"18,306",
1191,40,7:00p,San Antonio Spurs,129.0,Washington Wizards,112.0,Box Score,,"20,409",
1192,41,8:00p,Philadelphia 76ers,116.0,Chicago Bulls,96.0,Box Score,,"21,059",
1193,42,5:00p,Brooklyn Nets,133.0,Milwaukee Bucks,128.0,Box Score,,"18,116",
1194,43,7:30p,Orlando Magic,116.0,Boston Celtics,108.0,Box Score,,"18,624",
1195,44,3:00p,San Antonio Spurs,112.0,Cleveland Cavaliers,90.0,Box Score,,"19,432",
1196,45,4:00p,Charlotte Hornets,104.0,Detroit Pistons,91.0,Box Score,,"19,871",
1197,46,8:30p,Los Angeles Clippers,104.0,Golden State Warriors,131.0,Box Score,,"19,596",
1198,47,7:00p,Phoenix Suns,113.0,Houston Rockets,149.0,Box Score,,"18,055",
1199,48,5:00p,Brooklyn Nets,108.0,Indiana Pacers,96.0,Box Score,,"16,197",
1200,49,9:30p,Utah Jazz,109.0,Los Angeles Lakers,113.0,Box Score,,"18,997",
1201,50,6:00p,Dallas Mavericks,129.0,Memphis Grizzlies,127.0,Box Score,OT,"16,744",
1202,51,7:00p,Atlanta Hawks,107.0,Milwaukee Bucks,115.0,Box Score,,"17,775",
1203,52,3:30p,Oklahoma City Thunder,132.0,Minnesota Timberwolves,126.0,Box Score,,"18,978",
1204,53,7:30p,Washington Wizards,110.0,New York Knicks,113.0,Box Score,,"19,812",
1205,54,9:00p,Denver Nuggets,108.0,Portland Trail Blazers,115.0,Box Score,,"19,890",
1206,55,9:00p,New Orleans Pelicans,133.0,Sacramento Kings,129.0,Box Score,,"17,583",
1207,56,12:00p,Miami Heat,109.0,Toronto Raptors,117.0,Box Score,OT,"19,800",
1208,57,8:00p,New York Knicks,96.0,Chicago Bulls,86.0,Box Score,,"21,350",
1209,58,7:00p,Charlotte Hornets,124.0,Cleveland Cavaliers,97.0,Box Score,,"19,432",
1210,59,8:30p,Phoenix Suns,109.0,Dallas Mavericks,120.0,Box Score,,"21,041",
1211,60,7:00p,Memphis Grizzlies,93.0,Detroit Pistons,100.0,Box Score,,"19,802",
1212,61,10:30p,Portland Trail Blazers,104.0,Los Angeles Lakers,101.0,Box Score,,"18,997",
1213,62,7:30p,Philadelphia 76ers,99.0,Miami Heat,122.0,Box Score,,"20,153",
1214,63,8:00p,Toronto Raptors,120.0,Minnesota Timberwolves,100.0,Box Score,,"16,119",
1215,64,8:00p,Golden State Warriors,112.0,New Orleans Pelicans,103.0,Box Score,,"17,090",
1216,65,9:30p,Houston Rockets,111.0,Oklahoma City Thunder,112.0,Box Score,,"18,203",
1217,66,9:00p,Denver Nuggets,108.0,Utah Jazz,118.0,Box Score,,"18,306",
1218,67,7:00p,Boston Celtics,116.0,Washington Wizards,110.0,Box Score,,"20,409",
1219,68,8:00p,Indiana Pacers,135.0,Atlanta Hawks,134.0,Box Score,,"17,143",
1220,69,8:00p,Miami Heat,94.0,Brooklyn Nets,113.0,Box Score,,"17,732",
1221,70,8:00p,Orlando Magic,122.0,Charlotte Hornets,114.0,Box Score,,"17,719",
1222,71,10:30p,Minnesota Timberwolves,95.0,Denver Nuggets,99.0,Box Score,,"16,332",
1223,72,10:30p,Utah Jazz,137.0,Los Angeles Clippers,143.0,Box Score,OT,"17,655",
1224,73,8:00p,Golden State Warriors,117.0,Memphis Grizzlies,132.0,Box Score,,"17,794",
1225,74,8:00p,Oklahoma City Thunder,127.0,Milwaukee Bucks,116.0,Box Score,,"18,082",
1226,75,8:00p,Detroit Pistons,115.0,New York Knicks,89.0,Box Score,,"19,812",
1227,76,8:00p,Chicago Bulls,109.0,Philadelphia 76ers,125.0,Box Score,,"20,197",
1228,77,10:30p,Sacramento Kings,131.0,Portland Trail Blazers,136.0,Box Score,,"19,814",
1229,78,8:00p,Dallas Mavericks,94.0,San Antonio Spurs,105.0,Box Score,,"18,629",
